INSERT INTO `categories` (`id`, `name`, `created_at`, `updated_at`) VALUES
(1, 'Software', '2023-10-01 21:56:53', '2023-10-01 21:56:53'),
(2, 'Hardware', '2023-10-01 21:56:59', '2023-10-01 21:56:59'),
(3, 'Desain', '2023-10-14 00:12:07', '2023-10-14 00:12:07');

INSERT INTO `cities` (`id`, `province_id`, `city_id`, `title`, `created_at`, `updated_at`) VALUES
(1, 1, 17, 'Badung', '2023-10-14 08:26:44', '2023-10-14 08:26:44'),
(2, 1, 32, 'Bangli', '2023-10-14 08:26:44', '2023-10-14 08:26:44'),
(3, 1, 94, 'Buleleng', '2023-10-14 08:26:44', '2023-10-14 08:26:44'),
(4, 1, 114, 'Denpasar', '2023-10-14 08:26:44', '2023-10-14 08:26:44'),
(5, 1, 128, 'Gianyar', '2023-10-14 08:26:44', '2023-10-14 08:26:44'),
(6, 1, 161, 'Jembrana', '2023-10-14 08:26:44', '2023-10-14 08:26:44'),
(7, 1, 170, 'Karangasem', '2023-10-14 08:26:44', '2023-10-14 08:26:44'),
(8, 1, 197, 'Klungkung', '2023-10-14 08:26:44', '2023-10-14 08:26:44'),
(9, 1, 447, 'Tabanan', '2023-10-14 08:26:44', '2023-10-14 08:26:44'),
(10, 2, 27, 'Bangka', '2023-10-14 08:26:45', '2023-10-14 08:26:45'),
(11, 2, 28, 'Bangka Barat', '2023-10-14 08:26:45', '2023-10-14 08:26:45'),
(12, 2, 29, 'Bangka Selatan', '2023-10-14 08:26:45', '2023-10-14 08:26:45'),
(13, 2, 30, 'Bangka Tengah', '2023-10-14 08:26:45', '2023-10-14 08:26:45'),
(14, 2, 56, 'Belitung', '2023-10-14 08:26:45', '2023-10-14 08:26:45'),
(15, 2, 57, 'Belitung Timur', '2023-10-14 08:26:45', '2023-10-14 08:26:45'),
(16, 2, 334, 'Pangkal Pinang', '2023-10-14 08:26:45', '2023-10-14 08:26:45'),
(17, 3, 106, 'Cilegon', '2023-10-14 08:26:47', '2023-10-14 08:26:47'),
(18, 3, 232, 'Lebak', '2023-10-14 08:26:47', '2023-10-14 08:26:47'),
(19, 3, 331, 'Pandeglang', '2023-10-14 08:26:47', '2023-10-14 08:26:47'),
(20, 3, 402, 'Serang', '2023-10-14 08:26:47', '2023-10-14 08:26:47'),
(21, 3, 403, 'Serang', '2023-10-14 08:26:47', '2023-10-14 08:26:47'),
(22, 3, 455, 'Tangerang', '2023-10-14 08:26:47', '2023-10-14 08:26:47'),
(23, 3, 456, 'Tangerang', '2023-10-14 08:26:47', '2023-10-14 08:26:47'),
(24, 3, 457, 'Tangerang Selatan', '2023-10-14 08:26:47', '2023-10-14 08:26:47'),
(25, 4, 62, 'Bengkulu', '2023-10-14 08:26:49', '2023-10-14 08:26:49'),
(26, 4, 63, 'Bengkulu Selatan', '2023-10-14 08:26:49', '2023-10-14 08:26:49'),
(27, 4, 64, 'Bengkulu Tengah', '2023-10-14 08:26:49', '2023-10-14 08:26:49'),
(28, 4, 65, 'Bengkulu Utara', '2023-10-14 08:26:49', '2023-10-14 08:26:49'),
(29, 4, 175, 'Kaur', '2023-10-14 08:26:49', '2023-10-14 08:26:49'),
(30, 4, 183, 'Kepahiang', '2023-10-14 08:26:49', '2023-10-14 08:26:49'),
(31, 4, 233, 'Lebong', '2023-10-14 08:26:49', '2023-10-14 08:26:49'),
(32, 4, 294, 'Muko Muko', '2023-10-14 08:26:49', '2023-10-14 08:26:49'),
(33, 4, 379, 'Rejang Lebong', '2023-10-14 08:26:49', '2023-10-14 08:26:49'),
(34, 4, 397, 'Seluma', '2023-10-14 08:26:49', '2023-10-14 08:26:49'),
(35, 5, 39, 'Bantul', '2023-10-14 08:26:51', '2023-10-14 08:26:51'),
(36, 5, 135, 'Gunung Kidul', '2023-10-14 08:26:51', '2023-10-14 08:26:51'),
(37, 5, 210, 'Kulon Progo', '2023-10-14 08:26:51', '2023-10-14 08:26:51'),
(38, 5, 419, 'Sleman', '2023-10-14 08:26:51', '2023-10-14 08:26:51'),
(39, 5, 501, 'Yogyakarta', '2023-10-14 08:26:51', '2023-10-14 08:26:51'),
(40, 6, 151, 'Jakarta Barat', '2023-10-14 08:26:53', '2023-10-14 08:26:53'),
(41, 6, 152, 'Jakarta Pusat', '2023-10-14 08:26:53', '2023-10-14 08:26:53'),
(42, 6, 153, 'Jakarta Selatan', '2023-10-14 08:26:53', '2023-10-14 08:26:53'),
(43, 6, 154, 'Jakarta Timur', '2023-10-14 08:26:53', '2023-10-14 08:26:53'),
(44, 6, 155, 'Jakarta Utara', '2023-10-14 08:26:53', '2023-10-14 08:26:53'),
(45, 6, 189, 'Kepulauan Seribu', '2023-10-14 08:26:53', '2023-10-14 08:26:53'),
(46, 7, 77, 'Boalemo', '2023-10-14 08:26:54', '2023-10-14 08:26:54'),
(47, 7, 88, 'Bone Bolango', '2023-10-14 08:26:54', '2023-10-14 08:26:54'),
(48, 7, 129, 'Gorontalo', '2023-10-14 08:26:54', '2023-10-14 08:26:54'),
(49, 7, 130, 'Gorontalo', '2023-10-14 08:26:54', '2023-10-14 08:26:54'),
(50, 7, 131, 'Gorontalo Utara', '2023-10-14 08:26:54', '2023-10-14 08:26:54'),
(51, 7, 361, 'Pohuwato', '2023-10-14 08:26:54', '2023-10-14 08:26:54'),
(52, 8, 50, 'Batang Hari', '2023-10-14 08:26:56', '2023-10-14 08:26:56'),
(53, 8, 97, 'Bungo', '2023-10-14 08:26:56', '2023-10-14 08:26:56'),
(54, 8, 156, 'Jambi', '2023-10-14 08:26:56', '2023-10-14 08:26:56'),
(55, 8, 194, 'Kerinci', '2023-10-14 08:26:56', '2023-10-14 08:26:56'),
(56, 8, 280, 'Merangin', '2023-10-14 08:26:56', '2023-10-14 08:26:56'),
(57, 8, 293, 'Muaro Jambi', '2023-10-14 08:26:56', '2023-10-14 08:26:56'),
(58, 8, 393, 'Sarolangun', '2023-10-14 08:26:56', '2023-10-14 08:26:56'),
(59, 8, 442, 'Sungaipenuh', '2023-10-14 08:26:56', '2023-10-14 08:26:56'),
(60, 8, 460, 'Tanjung Jabung Barat', '2023-10-14 08:26:56', '2023-10-14 08:26:56'),
(61, 8, 461, 'Tanjung Jabung Timur', '2023-10-14 08:26:56', '2023-10-14 08:26:56'),
(62, 8, 471, 'Tebo', '2023-10-14 08:26:56', '2023-10-14 08:26:56'),
(63, 9, 22, 'Bandung', '2023-10-14 08:26:57', '2023-10-14 08:26:57'),
(64, 9, 23, 'Bandung', '2023-10-14 08:26:57', '2023-10-14 08:26:57'),
(65, 9, 24, 'Bandung Barat', '2023-10-14 08:26:57', '2023-10-14 08:26:57'),
(66, 9, 34, 'Banjar', '2023-10-14 08:26:57', '2023-10-14 08:26:57'),
(67, 9, 54, 'Bekasi', '2023-10-14 08:26:57', '2023-10-14 08:26:57'),
(68, 9, 55, 'Bekasi', '2023-10-14 08:26:57', '2023-10-14 08:26:57'),
(69, 9, 78, 'Bogor', '2023-10-14 08:26:57', '2023-10-14 08:26:57'),
(70, 9, 79, 'Bogor', '2023-10-14 08:26:57', '2023-10-14 08:26:57'),
(71, 9, 103, 'Ciamis', '2023-10-14 08:26:57', '2023-10-14 08:26:57'),
(72, 9, 104, 'Cianjur', '2023-10-14 08:26:57', '2023-10-14 08:26:57'),
(73, 9, 107, 'Cimahi', '2023-10-14 08:26:57', '2023-10-14 08:26:57'),
(74, 9, 108, 'Cirebon', '2023-10-14 08:26:57', '2023-10-14 08:26:57'),
(75, 9, 109, 'Cirebon', '2023-10-14 08:26:57', '2023-10-14 08:26:57'),
(76, 9, 115, 'Depok', '2023-10-14 08:26:57', '2023-10-14 08:26:57'),
(77, 9, 126, 'Garut', '2023-10-14 08:26:57', '2023-10-14 08:26:57'),
(78, 9, 149, 'Indramayu', '2023-10-14 08:26:57', '2023-10-14 08:26:57'),
(79, 9, 171, 'Karawang', '2023-10-14 08:26:57', '2023-10-14 08:26:57'),
(80, 9, 211, 'Kuningan', '2023-10-14 08:26:57', '2023-10-14 08:26:57'),
(81, 9, 252, 'Majalengka', '2023-10-14 08:26:57', '2023-10-14 08:26:57'),
(82, 9, 332, 'Pangandaran', '2023-10-14 08:26:57', '2023-10-14 08:26:57'),
(83, 9, 376, 'Purwakarta', '2023-10-14 08:26:57', '2023-10-14 08:26:57'),
(84, 9, 428, 'Subang', '2023-10-14 08:26:57', '2023-10-14 08:26:57'),
(85, 9, 430, 'Sukabumi', '2023-10-14 08:26:57', '2023-10-14 08:26:57'),
(86, 9, 431, 'Sukabumi', '2023-10-14 08:26:57', '2023-10-14 08:26:57'),
(87, 9, 440, 'Sumedang', '2023-10-14 08:26:57', '2023-10-14 08:26:57'),
(88, 9, 468, 'Tasikmalaya', '2023-10-14 08:26:57', '2023-10-14 08:26:57'),
(89, 9, 469, 'Tasikmalaya', '2023-10-14 08:26:57', '2023-10-14 08:26:57'),
(90, 10, 37, 'Banjarnegara', '2023-10-14 08:26:59', '2023-10-14 08:26:59'),
(91, 10, 41, 'Banyumas', '2023-10-14 08:26:59', '2023-10-14 08:26:59'),
(92, 10, 49, 'Batang', '2023-10-14 08:26:59', '2023-10-14 08:26:59'),
(93, 10, 76, 'Blora', '2023-10-14 08:26:59', '2023-10-14 08:26:59'),
(94, 10, 91, 'Boyolali', '2023-10-14 08:26:59', '2023-10-14 08:26:59'),
(95, 10, 92, 'Brebes', '2023-10-14 08:26:59', '2023-10-14 08:26:59'),
(96, 10, 105, 'Cilacap', '2023-10-14 08:26:59', '2023-10-14 08:26:59'),
(97, 10, 113, 'Demak', '2023-10-14 08:26:59', '2023-10-14 08:26:59'),
(98, 10, 134, 'Grobogan', '2023-10-14 08:26:59', '2023-10-14 08:26:59'),
(99, 10, 163, 'Jepara', '2023-10-14 08:26:59', '2023-10-14 08:26:59'),
(100, 10, 169, 'Karanganyar', '2023-10-14 08:26:59', '2023-10-14 08:26:59'),
(101, 10, 177, 'Kebumen', '2023-10-14 08:26:59', '2023-10-14 08:26:59'),
(102, 10, 181, 'Kendal', '2023-10-14 08:26:59', '2023-10-14 08:26:59'),
(103, 10, 196, 'Klaten', '2023-10-14 08:26:59', '2023-10-14 08:26:59'),
(104, 10, 209, 'Kudus', '2023-10-14 08:26:59', '2023-10-14 08:26:59'),
(105, 10, 249, 'Magelang', '2023-10-14 08:26:59', '2023-10-14 08:26:59'),
(106, 10, 250, 'Magelang', '2023-10-14 08:26:59', '2023-10-14 08:26:59'),
(107, 10, 344, 'Pati', '2023-10-14 08:26:59', '2023-10-14 08:26:59'),
(108, 10, 348, 'Pekalongan', '2023-10-14 08:26:59', '2023-10-14 08:26:59'),
(109, 10, 349, 'Pekalongan', '2023-10-14 08:26:59', '2023-10-14 08:26:59'),
(110, 10, 352, 'Pemalang', '2023-10-14 08:26:59', '2023-10-14 08:26:59'),
(111, 10, 375, 'Purbalingga', '2023-10-14 08:26:59', '2023-10-14 08:26:59'),
(112, 10, 377, 'Purworejo', '2023-10-14 08:26:59', '2023-10-14 08:26:59'),
(113, 10, 380, 'Rembang', '2023-10-14 08:26:59', '2023-10-14 08:26:59'),
(114, 10, 386, 'Salatiga', '2023-10-14 08:26:59', '2023-10-14 08:26:59'),
(115, 10, 398, 'Semarang', '2023-10-14 08:26:59', '2023-10-14 08:26:59'),
(116, 10, 399, 'Semarang', '2023-10-14 08:26:59', '2023-10-14 08:26:59'),
(117, 10, 427, 'Sragen', '2023-10-14 08:26:59', '2023-10-14 08:26:59'),
(118, 10, 433, 'Sukoharjo', '2023-10-14 08:26:59', '2023-10-14 08:26:59'),
(119, 10, 445, 'Surakarta (Solo)', '2023-10-14 08:26:59', '2023-10-14 08:26:59'),
(120, 10, 472, 'Tegal', '2023-10-14 08:26:59', '2023-10-14 08:26:59'),
(121, 10, 473, 'Tegal', '2023-10-14 08:26:59', '2023-10-14 08:26:59'),
(122, 10, 476, 'Temanggung', '2023-10-14 08:26:59', '2023-10-14 08:26:59'),
(123, 10, 497, 'Wonogiri', '2023-10-14 08:26:59', '2023-10-14 08:26:59'),
(124, 10, 498, 'Wonosobo', '2023-10-14 08:26:59', '2023-10-14 08:26:59'),
(125, 11, 31, 'Bangkalan', '2023-10-14 08:27:00', '2023-10-14 08:27:00'),
(126, 11, 42, 'Banyuwangi', '2023-10-14 08:27:00', '2023-10-14 08:27:00'),
(127, 11, 51, 'Batu', '2023-10-14 08:27:00', '2023-10-14 08:27:00'),
(128, 11, 74, 'Blitar', '2023-10-14 08:27:00', '2023-10-14 08:27:00'),
(129, 11, 75, 'Blitar', '2023-10-14 08:27:00', '2023-10-14 08:27:00'),
(130, 11, 80, 'Bojonegoro', '2023-10-14 08:27:00', '2023-10-14 08:27:00'),
(131, 11, 86, 'Bondowoso', '2023-10-14 08:27:00', '2023-10-14 08:27:00'),
(132, 11, 133, 'Gresik', '2023-10-14 08:27:00', '2023-10-14 08:27:00'),
(133, 11, 160, 'Jember', '2023-10-14 08:27:00', '2023-10-14 08:27:00'),
(134, 11, 164, 'Jombang', '2023-10-14 08:27:00', '2023-10-14 08:27:00'),
(135, 11, 178, 'Kediri', '2023-10-14 08:27:00', '2023-10-14 08:27:00'),
(136, 11, 179, 'Kediri', '2023-10-14 08:27:00', '2023-10-14 08:27:00'),
(137, 11, 222, 'Lamongan', '2023-10-14 08:27:00', '2023-10-14 08:27:00'),
(138, 11, 243, 'Lumajang', '2023-10-14 08:27:00', '2023-10-14 08:27:00'),
(139, 11, 247, 'Madiun', '2023-10-14 08:27:00', '2023-10-14 08:27:00'),
(140, 11, 248, 'Madiun', '2023-10-14 08:27:00', '2023-10-14 08:27:00'),
(141, 11, 251, 'Magetan', '2023-10-14 08:27:00', '2023-10-14 08:27:00'),
(142, 11, 255, 'Malang', '2023-10-14 08:27:00', '2023-10-14 08:27:00'),
(143, 11, 256, 'Malang', '2023-10-14 08:27:00', '2023-10-14 08:27:00'),
(144, 11, 289, 'Mojokerto', '2023-10-14 08:27:00', '2023-10-14 08:27:00'),
(145, 11, 290, 'Mojokerto', '2023-10-14 08:27:00', '2023-10-14 08:27:00'),
(146, 11, 305, 'Nganjuk', '2023-10-14 08:27:00', '2023-10-14 08:27:00'),
(147, 11, 306, 'Ngawi', '2023-10-14 08:27:00', '2023-10-14 08:27:00'),
(148, 11, 317, 'Pacitan', '2023-10-14 08:27:00', '2023-10-14 08:27:00'),
(149, 11, 330, 'Pamekasan', '2023-10-14 08:27:00', '2023-10-14 08:27:00'),
(150, 11, 342, 'Pasuruan', '2023-10-14 08:27:00', '2023-10-14 08:27:00'),
(151, 11, 343, 'Pasuruan', '2023-10-14 08:27:00', '2023-10-14 08:27:00'),
(152, 11, 363, 'Ponorogo', '2023-10-14 08:27:00', '2023-10-14 08:27:00'),
(153, 11, 369, 'Probolinggo', '2023-10-14 08:27:00', '2023-10-14 08:27:00'),
(154, 11, 370, 'Probolinggo', '2023-10-14 08:27:00', '2023-10-14 08:27:00'),
(155, 11, 390, 'Sampang', '2023-10-14 08:27:00', '2023-10-14 08:27:00'),
(156, 11, 409, 'Sidoarjo', '2023-10-14 08:27:00', '2023-10-14 08:27:00'),
(157, 11, 418, 'Situbondo', '2023-10-14 08:27:00', '2023-10-14 08:27:00'),
(158, 11, 441, 'Sumenep', '2023-10-14 08:27:00', '2023-10-14 08:27:00'),
(159, 11, 444, 'Surabaya', '2023-10-14 08:27:00', '2023-10-14 08:27:00'),
(160, 11, 487, 'Trenggalek', '2023-10-14 08:27:00', '2023-10-14 08:27:00'),
(161, 11, 489, 'Tuban', '2023-10-14 08:27:00', '2023-10-14 08:27:00'),
(162, 11, 492, 'Tulungagung', '2023-10-14 08:27:00', '2023-10-14 08:27:00'),
(163, 12, 61, 'Bengkayang', '2023-10-14 08:27:02', '2023-10-14 08:27:02'),
(164, 12, 168, 'Kapuas Hulu', '2023-10-14 08:27:02', '2023-10-14 08:27:02'),
(165, 12, 176, 'Kayong Utara', '2023-10-14 08:27:02', '2023-10-14 08:27:02'),
(166, 12, 195, 'Ketapang', '2023-10-14 08:27:02', '2023-10-14 08:27:02'),
(167, 12, 208, 'Kubu Raya', '2023-10-14 08:27:02', '2023-10-14 08:27:02'),
(168, 12, 228, 'Landak', '2023-10-14 08:27:02', '2023-10-14 08:27:02'),
(169, 12, 279, 'Melawi', '2023-10-14 08:27:02', '2023-10-14 08:27:02'),
(170, 12, 364, 'Pontianak', '2023-10-14 08:27:02', '2023-10-14 08:27:02'),
(171, 12, 365, 'Pontianak', '2023-10-14 08:27:02', '2023-10-14 08:27:02'),
(172, 12, 388, 'Sambas', '2023-10-14 08:27:02', '2023-10-14 08:27:02'),
(173, 12, 391, 'Sanggau', '2023-10-14 08:27:02', '2023-10-14 08:27:02'),
(174, 12, 395, 'Sekadau', '2023-10-14 08:27:02', '2023-10-14 08:27:02'),
(175, 12, 415, 'Singkawang', '2023-10-14 08:27:02', '2023-10-14 08:27:02'),
(176, 12, 417, 'Sintang', '2023-10-14 08:27:02', '2023-10-14 08:27:02'),
(177, 13, 18, 'Balangan', '2023-10-14 08:27:03', '2023-10-14 08:27:03'),
(178, 13, 33, 'Banjar', '2023-10-14 08:27:03', '2023-10-14 08:27:03'),
(179, 13, 35, 'Banjarbaru', '2023-10-14 08:27:03', '2023-10-14 08:27:03'),
(180, 13, 36, 'Banjarmasin', '2023-10-14 08:27:03', '2023-10-14 08:27:03'),
(181, 13, 43, 'Barito Kuala', '2023-10-14 08:27:03', '2023-10-14 08:27:03'),
(182, 13, 143, 'Hulu Sungai Selatan', '2023-10-14 08:27:03', '2023-10-14 08:27:03'),
(183, 13, 144, 'Hulu Sungai Tengah', '2023-10-14 08:27:03', '2023-10-14 08:27:03'),
(184, 13, 145, 'Hulu Sungai Utara', '2023-10-14 08:27:03', '2023-10-14 08:27:03'),
(185, 13, 203, 'Kotabaru', '2023-10-14 08:27:03', '2023-10-14 08:27:03'),
(186, 13, 446, 'Tabalong', '2023-10-14 08:27:03', '2023-10-14 08:27:03'),
(187, 13, 452, 'Tanah Bumbu', '2023-10-14 08:27:03', '2023-10-14 08:27:03'),
(188, 13, 454, 'Tanah Laut', '2023-10-14 08:27:03', '2023-10-14 08:27:03'),
(189, 13, 466, 'Tapin', '2023-10-14 08:27:03', '2023-10-14 08:27:03'),
(190, 14, 44, 'Barito Selatan', '2023-10-14 08:27:05', '2023-10-14 08:27:05'),
(191, 14, 45, 'Barito Timur', '2023-10-14 08:27:05', '2023-10-14 08:27:05'),
(192, 14, 46, 'Barito Utara', '2023-10-14 08:27:05', '2023-10-14 08:27:05'),
(193, 14, 136, 'Gunung Mas', '2023-10-14 08:27:05', '2023-10-14 08:27:05'),
(194, 14, 167, 'Kapuas', '2023-10-14 08:27:05', '2023-10-14 08:27:05'),
(195, 14, 174, 'Katingan', '2023-10-14 08:27:05', '2023-10-14 08:27:05'),
(196, 14, 205, 'Kotawaringin Barat', '2023-10-14 08:27:05', '2023-10-14 08:27:05'),
(197, 14, 206, 'Kotawaringin Timur', '2023-10-14 08:27:05', '2023-10-14 08:27:05'),
(198, 14, 221, 'Lamandau', '2023-10-14 08:27:05', '2023-10-14 08:27:05'),
(199, 14, 296, 'Murung Raya', '2023-10-14 08:27:05', '2023-10-14 08:27:05'),
(200, 14, 326, 'Palangka Raya', '2023-10-14 08:27:05', '2023-10-14 08:27:05'),
(201, 14, 371, 'Pulang Pisau', '2023-10-14 08:27:05', '2023-10-14 08:27:05'),
(202, 14, 405, 'Seruyan', '2023-10-14 08:27:05', '2023-10-14 08:27:05'),
(203, 14, 432, 'Sukamara', '2023-10-14 08:27:05', '2023-10-14 08:27:05'),
(204, 15, 19, 'Balikpapan', '2023-10-14 08:27:07', '2023-10-14 08:27:07'),
(205, 15, 66, 'Berau', '2023-10-14 08:27:07', '2023-10-14 08:27:07'),
(206, 15, 89, 'Bontang', '2023-10-14 08:27:07', '2023-10-14 08:27:07'),
(207, 15, 214, 'Kutai Barat', '2023-10-14 08:27:07', '2023-10-14 08:27:07'),
(208, 15, 215, 'Kutai Kartanegara', '2023-10-14 08:27:07', '2023-10-14 08:27:07'),
(209, 15, 216, 'Kutai Timur', '2023-10-14 08:27:07', '2023-10-14 08:27:07'),
(210, 15, 341, 'Paser', '2023-10-14 08:27:07', '2023-10-14 08:27:07'),
(211, 15, 354, 'Penajam Paser Utara', '2023-10-14 08:27:07', '2023-10-14 08:27:07'),
(212, 15, 387, 'Samarinda', '2023-10-14 08:27:07', '2023-10-14 08:27:07'),
(213, 16, 96, 'Bulungan (Bulongan)', '2023-10-14 08:27:09', '2023-10-14 08:27:09'),
(214, 16, 257, 'Malinau', '2023-10-14 08:27:09', '2023-10-14 08:27:09'),
(215, 16, 311, 'Nunukan', '2023-10-14 08:27:09', '2023-10-14 08:27:09'),
(216, 16, 450, 'Tana Tidung', '2023-10-14 08:27:09', '2023-10-14 08:27:09'),
(217, 16, 467, 'Tarakan', '2023-10-14 08:27:09', '2023-10-14 08:27:09'),
(218, 17, 48, 'Batam', '2023-10-14 08:27:11', '2023-10-14 08:27:11'),
(219, 17, 71, 'Bintan', '2023-10-14 08:27:11', '2023-10-14 08:27:11'),
(220, 17, 172, 'Karimun', '2023-10-14 08:27:11', '2023-10-14 08:27:11'),
(221, 17, 184, 'Kepulauan Anambas', '2023-10-14 08:27:11', '2023-10-14 08:27:11'),
(222, 17, 237, 'Lingga', '2023-10-14 08:27:11', '2023-10-14 08:27:11'),
(223, 17, 302, 'Natuna', '2023-10-14 08:27:11', '2023-10-14 08:27:11'),
(224, 17, 462, 'Tanjung Pinang', '2023-10-14 08:27:11', '2023-10-14 08:27:11'),
(225, 18, 21, 'Bandar Lampung', '2023-10-14 08:27:13', '2023-10-14 08:27:13'),
(226, 18, 223, 'Lampung Barat', '2023-10-14 08:27:13', '2023-10-14 08:27:13'),
(227, 18, 224, 'Lampung Selatan', '2023-10-14 08:27:13', '2023-10-14 08:27:13'),
(228, 18, 225, 'Lampung Tengah', '2023-10-14 08:27:13', '2023-10-14 08:27:13'),
(229, 18, 226, 'Lampung Timur', '2023-10-14 08:27:13', '2023-10-14 08:27:13'),
(230, 18, 227, 'Lampung Utara', '2023-10-14 08:27:13', '2023-10-14 08:27:13'),
(231, 18, 282, 'Mesuji', '2023-10-14 08:27:13', '2023-10-14 08:27:13'),
(232, 18, 283, 'Metro', '2023-10-14 08:27:13', '2023-10-14 08:27:13'),
(233, 18, 355, 'Pesawaran', '2023-10-14 08:27:13', '2023-10-14 08:27:13'),
(234, 18, 356, 'Pesisir Barat', '2023-10-14 08:27:13', '2023-10-14 08:27:13'),
(235, 18, 368, 'Pringsewu', '2023-10-14 08:27:13', '2023-10-14 08:27:13'),
(236, 18, 458, 'Tanggamus', '2023-10-14 08:27:13', '2023-10-14 08:27:13'),
(237, 18, 490, 'Tulang Bawang', '2023-10-14 08:27:13', '2023-10-14 08:27:13'),
(238, 18, 491, 'Tulang Bawang Barat', '2023-10-14 08:27:13', '2023-10-14 08:27:13'),
(239, 18, 496, 'Way Kanan', '2023-10-14 08:27:13', '2023-10-14 08:27:13'),
(240, 19, 14, 'Ambon', '2023-10-14 08:27:14', '2023-10-14 08:27:14'),
(241, 19, 99, 'Buru', '2023-10-14 08:27:14', '2023-10-14 08:27:14'),
(242, 19, 100, 'Buru Selatan', '2023-10-14 08:27:14', '2023-10-14 08:27:14'),
(243, 19, 185, 'Kepulauan Aru', '2023-10-14 08:27:14', '2023-10-14 08:27:14'),
(244, 19, 258, 'Maluku Barat Daya', '2023-10-14 08:27:14', '2023-10-14 08:27:14'),
(245, 19, 259, 'Maluku Tengah', '2023-10-14 08:27:14', '2023-10-14 08:27:14'),
(246, 19, 260, 'Maluku Tenggara', '2023-10-14 08:27:14', '2023-10-14 08:27:14'),
(247, 19, 261, 'Maluku Tenggara Barat', '2023-10-14 08:27:14', '2023-10-14 08:27:14'),
(248, 19, 400, 'Seram Bagian Barat', '2023-10-14 08:27:14', '2023-10-14 08:27:14'),
(249, 19, 401, 'Seram Bagian Timur', '2023-10-14 08:27:14', '2023-10-14 08:27:14'),
(250, 19, 488, 'Tual', '2023-10-14 08:27:14', '2023-10-14 08:27:14'),
(251, 20, 138, 'Halmahera Barat', '2023-10-14 08:27:16', '2023-10-14 08:27:16'),
(252, 20, 139, 'Halmahera Selatan', '2023-10-14 08:27:16', '2023-10-14 08:27:16'),
(253, 20, 140, 'Halmahera Tengah', '2023-10-14 08:27:16', '2023-10-14 08:27:16'),
(254, 20, 141, 'Halmahera Timur', '2023-10-14 08:27:16', '2023-10-14 08:27:16'),
(255, 20, 142, 'Halmahera Utara', '2023-10-14 08:27:16', '2023-10-14 08:27:16'),
(256, 20, 191, 'Kepulauan Sula', '2023-10-14 08:27:16', '2023-10-14 08:27:16'),
(257, 20, 372, 'Pulau Morotai', '2023-10-14 08:27:16', '2023-10-14 08:27:16'),
(258, 20, 477, 'Ternate', '2023-10-14 08:27:16', '2023-10-14 08:27:16'),
(259, 20, 478, 'Tidore Kepulauan', '2023-10-14 08:27:16', '2023-10-14 08:27:16'),
(260, 21, 1, 'Aceh Barat', '2023-10-14 08:27:17', '2023-10-14 08:27:17'),
(261, 21, 2, 'Aceh Barat Daya', '2023-10-14 08:27:17', '2023-10-14 08:27:17'),
(262, 21, 3, 'Aceh Besar', '2023-10-14 08:27:17', '2023-10-14 08:27:17'),
(263, 21, 4, 'Aceh Jaya', '2023-10-14 08:27:17', '2023-10-14 08:27:17'),
(264, 21, 5, 'Aceh Selatan', '2023-10-14 08:27:17', '2023-10-14 08:27:17'),
(265, 21, 6, 'Aceh Singkil', '2023-10-14 08:27:17', '2023-10-14 08:27:17'),
(266, 21, 7, 'Aceh Tamiang', '2023-10-14 08:27:17', '2023-10-14 08:27:17'),
(267, 21, 8, 'Aceh Tengah', '2023-10-14 08:27:17', '2023-10-14 08:27:17'),
(268, 21, 9, 'Aceh Tenggara', '2023-10-14 08:27:17', '2023-10-14 08:27:17'),
(269, 21, 10, 'Aceh Timur', '2023-10-14 08:27:17', '2023-10-14 08:27:17'),
(270, 21, 11, 'Aceh Utara', '2023-10-14 08:27:17', '2023-10-14 08:27:17'),
(271, 21, 20, 'Banda Aceh', '2023-10-14 08:27:17', '2023-10-14 08:27:17'),
(272, 21, 59, 'Bener Meriah', '2023-10-14 08:27:17', '2023-10-14 08:27:17'),
(273, 21, 72, 'Bireuen', '2023-10-14 08:27:17', '2023-10-14 08:27:17'),
(274, 21, 127, 'Gayo Lues', '2023-10-14 08:27:17', '2023-10-14 08:27:17'),
(275, 21, 230, 'Langsa', '2023-10-14 08:27:17', '2023-10-14 08:27:17'),
(276, 21, 235, 'Lhokseumawe', '2023-10-14 08:27:17', '2023-10-14 08:27:17'),
(277, 21, 300, 'Nagan Raya', '2023-10-14 08:27:17', '2023-10-14 08:27:17'),
(278, 21, 358, 'Pidie', '2023-10-14 08:27:17', '2023-10-14 08:27:17'),
(279, 21, 359, 'Pidie Jaya', '2023-10-14 08:27:17', '2023-10-14 08:27:17'),
(280, 21, 384, 'Sabang', '2023-10-14 08:27:17', '2023-10-14 08:27:17'),
(281, 21, 414, 'Simeulue', '2023-10-14 08:27:17', '2023-10-14 08:27:17'),
(282, 21, 429, 'Subulussalam', '2023-10-14 08:27:17', '2023-10-14 08:27:17'),
(283, 22, 68, 'Bima', '2023-10-14 08:27:19', '2023-10-14 08:27:19'),
(284, 22, 69, 'Bima', '2023-10-14 08:27:19', '2023-10-14 08:27:19'),
(285, 22, 118, 'Dompu', '2023-10-14 08:27:19', '2023-10-14 08:27:19'),
(286, 22, 238, 'Lombok Barat', '2023-10-14 08:27:19', '2023-10-14 08:27:19'),
(287, 22, 239, 'Lombok Tengah', '2023-10-14 08:27:19', '2023-10-14 08:27:19'),
(288, 22, 240, 'Lombok Timur', '2023-10-14 08:27:19', '2023-10-14 08:27:19'),
(289, 22, 241, 'Lombok Utara', '2023-10-14 08:27:19', '2023-10-14 08:27:19'),
(290, 22, 276, 'Mataram', '2023-10-14 08:27:19', '2023-10-14 08:27:19'),
(291, 22, 438, 'Sumbawa', '2023-10-14 08:27:19', '2023-10-14 08:27:19'),
(292, 22, 439, 'Sumbawa Barat', '2023-10-14 08:27:19', '2023-10-14 08:27:19'),
(293, 23, 13, 'Alor', '2023-10-14 08:27:21', '2023-10-14 08:27:21'),
(294, 23, 58, 'Belu', '2023-10-14 08:27:21', '2023-10-14 08:27:21'),
(295, 23, 122, 'Ende', '2023-10-14 08:27:21', '2023-10-14 08:27:21'),
(296, 23, 125, 'Flores Timur', '2023-10-14 08:27:21', '2023-10-14 08:27:21'),
(297, 23, 212, 'Kupang', '2023-10-14 08:27:21', '2023-10-14 08:27:21'),
(298, 23, 213, 'Kupang', '2023-10-14 08:27:21', '2023-10-14 08:27:21'),
(299, 23, 234, 'Lembata', '2023-10-14 08:27:21', '2023-10-14 08:27:21'),
(300, 23, 269, 'Manggarai', '2023-10-14 08:27:21', '2023-10-14 08:27:21'),
(301, 23, 270, 'Manggarai Barat', '2023-10-14 08:27:21', '2023-10-14 08:27:21'),
(302, 23, 271, 'Manggarai Timur', '2023-10-14 08:27:21', '2023-10-14 08:27:21'),
(303, 23, 301, 'Nagekeo', '2023-10-14 08:27:21', '2023-10-14 08:27:21'),
(304, 23, 304, 'Ngada', '2023-10-14 08:27:21', '2023-10-14 08:27:21'),
(305, 23, 383, 'Rote Ndao', '2023-10-14 08:27:21', '2023-10-14 08:27:21'),
(306, 23, 385, 'Sabu Raijua', '2023-10-14 08:27:21', '2023-10-14 08:27:21'),
(307, 23, 412, 'Sikka', '2023-10-14 08:27:21', '2023-10-14 08:27:21'),
(308, 23, 434, 'Sumba Barat', '2023-10-14 08:27:21', '2023-10-14 08:27:21'),
(309, 23, 435, 'Sumba Barat Daya', '2023-10-14 08:27:21', '2023-10-14 08:27:21'),
(310, 23, 436, 'Sumba Tengah', '2023-10-14 08:27:21', '2023-10-14 08:27:21'),
(311, 23, 437, 'Sumba Timur', '2023-10-14 08:27:21', '2023-10-14 08:27:21'),
(312, 23, 479, 'Timor Tengah Selatan', '2023-10-14 08:27:21', '2023-10-14 08:27:21'),
(313, 23, 480, 'Timor Tengah Utara', '2023-10-14 08:27:21', '2023-10-14 08:27:21'),
(314, 24, 16, 'Asmat', '2023-10-14 08:27:23', '2023-10-14 08:27:23'),
(315, 24, 67, 'Biak Numfor', '2023-10-14 08:27:23', '2023-10-14 08:27:23'),
(316, 24, 90, 'Boven Digoel', '2023-10-14 08:27:23', '2023-10-14 08:27:23'),
(317, 24, 111, 'Deiyai (Deliyai)', '2023-10-14 08:27:23', '2023-10-14 08:27:23'),
(318, 24, 117, 'Dogiyai', '2023-10-14 08:27:23', '2023-10-14 08:27:23'),
(319, 24, 150, 'Intan Jaya', '2023-10-14 08:27:23', '2023-10-14 08:27:23'),
(320, 24, 157, 'Jayapura', '2023-10-14 08:27:23', '2023-10-14 08:27:23'),
(321, 24, 158, 'Jayapura', '2023-10-14 08:27:23', '2023-10-14 08:27:23'),
(322, 24, 159, 'Jayawijaya', '2023-10-14 08:27:23', '2023-10-14 08:27:23'),
(323, 24, 180, 'Keerom', '2023-10-14 08:27:23', '2023-10-14 08:27:23'),
(324, 24, 193, 'Kepulauan Yapen (Yapen Waropen)', '2023-10-14 08:27:23', '2023-10-14 08:27:23'),
(325, 24, 231, 'Lanny Jaya', '2023-10-14 08:27:23', '2023-10-14 08:27:23'),
(326, 24, 263, 'Mamberamo Raya', '2023-10-14 08:27:23', '2023-10-14 08:27:23'),
(327, 24, 264, 'Mamberamo Tengah', '2023-10-14 08:27:23', '2023-10-14 08:27:23'),
(328, 24, 274, 'Mappi', '2023-10-14 08:27:23', '2023-10-14 08:27:23'),
(329, 24, 281, 'Merauke', '2023-10-14 08:27:23', '2023-10-14 08:27:23'),
(330, 24, 284, 'Mimika', '2023-10-14 08:27:23', '2023-10-14 08:27:23'),
(331, 24, 299, 'Nabire', '2023-10-14 08:27:23', '2023-10-14 08:27:23'),
(332, 24, 303, 'Nduga', '2023-10-14 08:27:23', '2023-10-14 08:27:23'),
(333, 24, 335, 'Paniai', '2023-10-14 08:27:23', '2023-10-14 08:27:23'),
(334, 24, 347, 'Pegunungan Bintang', '2023-10-14 08:27:23', '2023-10-14 08:27:23'),
(335, 24, 373, 'Puncak', '2023-10-14 08:27:23', '2023-10-14 08:27:23'),
(336, 24, 374, 'Puncak Jaya', '2023-10-14 08:27:23', '2023-10-14 08:27:23'),
(337, 24, 392, 'Sarmi', '2023-10-14 08:27:23', '2023-10-14 08:27:23'),
(338, 24, 443, 'Supiori', '2023-10-14 08:27:23', '2023-10-14 08:27:23'),
(339, 24, 484, 'Tolikara', '2023-10-14 08:27:23', '2023-10-14 08:27:23'),
(340, 24, 495, 'Waropen', '2023-10-14 08:27:23', '2023-10-14 08:27:23'),
(341, 24, 499, 'Yahukimo', '2023-10-14 08:27:23', '2023-10-14 08:27:23'),
(342, 24, 500, 'Yalimo', '2023-10-14 08:27:23', '2023-10-14 08:27:23'),
(343, 25, 124, 'Fakfak', '2023-10-14 08:27:25', '2023-10-14 08:27:25'),
(344, 25, 165, 'Kaimana', '2023-10-14 08:27:25', '2023-10-14 08:27:25'),
(345, 25, 272, 'Manokwari', '2023-10-14 08:27:25', '2023-10-14 08:27:25'),
(346, 25, 273, 'Manokwari Selatan', '2023-10-14 08:27:25', '2023-10-14 08:27:25'),
(347, 25, 277, 'Maybrat', '2023-10-14 08:27:25', '2023-10-14 08:27:25'),
(348, 25, 346, 'Pegunungan Arfak', '2023-10-14 08:27:25', '2023-10-14 08:27:25'),
(349, 25, 378, 'Raja Ampat', '2023-10-14 08:27:25', '2023-10-14 08:27:25'),
(350, 25, 424, 'Sorong', '2023-10-14 08:27:25', '2023-10-14 08:27:25'),
(351, 25, 425, 'Sorong', '2023-10-14 08:27:25', '2023-10-14 08:27:25'),
(352, 25, 426, 'Sorong Selatan', '2023-10-14 08:27:25', '2023-10-14 08:27:25'),
(353, 25, 449, 'Tambrauw', '2023-10-14 08:27:25', '2023-10-14 08:27:25'),
(354, 25, 474, 'Teluk Bintuni', '2023-10-14 08:27:25', '2023-10-14 08:27:25'),
(355, 25, 475, 'Teluk Wondama', '2023-10-14 08:27:25', '2023-10-14 08:27:25'),
(356, 26, 60, 'Bengkalis', '2023-10-14 08:27:27', '2023-10-14 08:27:27'),
(357, 26, 120, 'Dumai', '2023-10-14 08:27:27', '2023-10-14 08:27:27'),
(358, 26, 147, 'Indragiri Hilir', '2023-10-14 08:27:27', '2023-10-14 08:27:27'),
(359, 26, 148, 'Indragiri Hulu', '2023-10-14 08:27:27', '2023-10-14 08:27:27'),
(360, 26, 166, 'Kampar', '2023-10-14 08:27:27', '2023-10-14 08:27:27'),
(361, 26, 187, 'Kepulauan Meranti', '2023-10-14 08:27:27', '2023-10-14 08:27:27'),
(362, 26, 207, 'Kuantan Singingi', '2023-10-14 08:27:27', '2023-10-14 08:27:27'),
(363, 26, 350, 'Pekanbaru', '2023-10-14 08:27:27', '2023-10-14 08:27:27'),
(364, 26, 351, 'Pelalawan', '2023-10-14 08:27:27', '2023-10-14 08:27:27'),
(365, 26, 381, 'Rokan Hilir', '2023-10-14 08:27:27', '2023-10-14 08:27:27'),
(366, 26, 382, 'Rokan Hulu', '2023-10-14 08:27:27', '2023-10-14 08:27:27'),
(367, 26, 406, 'Siak', '2023-10-14 08:27:27', '2023-10-14 08:27:27'),
(368, 27, 253, 'Majene', '2023-10-14 08:27:29', '2023-10-14 08:27:29'),
(369, 27, 262, 'Mamasa', '2023-10-14 08:27:29', '2023-10-14 08:27:29'),
(370, 27, 265, 'Mamuju', '2023-10-14 08:27:29', '2023-10-14 08:27:29'),
(371, 27, 266, 'Mamuju Utara', '2023-10-14 08:27:29', '2023-10-14 08:27:29'),
(372, 27, 362, 'Polewali Mandar', '2023-10-14 08:27:29', '2023-10-14 08:27:29'),
(373, 28, 38, 'Bantaeng', '2023-10-14 08:27:30', '2023-10-14 08:27:30'),
(374, 28, 47, 'Barru', '2023-10-14 08:27:30', '2023-10-14 08:27:30'),
(375, 28, 87, 'Bone', '2023-10-14 08:27:30', '2023-10-14 08:27:30'),
(376, 28, 95, 'Bulukumba', '2023-10-14 08:27:30', '2023-10-14 08:27:30'),
(377, 28, 123, 'Enrekang', '2023-10-14 08:27:30', '2023-10-14 08:27:30'),
(378, 28, 132, 'Gowa', '2023-10-14 08:27:30', '2023-10-14 08:27:30'),
(379, 28, 162, 'Jeneponto', '2023-10-14 08:27:30', '2023-10-14 08:27:30'),
(380, 28, 244, 'Luwu', '2023-10-14 08:27:30', '2023-10-14 08:27:30'),
(381, 28, 245, 'Luwu Timur', '2023-10-14 08:27:30', '2023-10-14 08:27:30'),
(382, 28, 246, 'Luwu Utara', '2023-10-14 08:27:30', '2023-10-14 08:27:30'),
(383, 28, 254, 'Makassar', '2023-10-14 08:27:30', '2023-10-14 08:27:30'),
(384, 28, 275, 'Maros', '2023-10-14 08:27:30', '2023-10-14 08:27:30'),
(385, 28, 328, 'Palopo', '2023-10-14 08:27:30', '2023-10-14 08:27:30'),
(386, 28, 333, 'Pangkajene Kepulauan', '2023-10-14 08:27:30', '2023-10-14 08:27:30'),
(387, 28, 336, 'Parepare', '2023-10-14 08:27:30', '2023-10-14 08:27:30'),
(388, 28, 360, 'Pinrang', '2023-10-14 08:27:30', '2023-10-14 08:27:30'),
(389, 28, 396, 'Selayar (Kepulauan Selayar)', '2023-10-14 08:27:30', '2023-10-14 08:27:30'),
(390, 28, 408, 'Sidenreng Rappang/Rapang', '2023-10-14 08:27:30', '2023-10-14 08:27:30'),
(391, 28, 416, 'Sinjai', '2023-10-14 08:27:30', '2023-10-14 08:27:30'),
(392, 28, 423, 'Soppeng', '2023-10-14 08:27:30', '2023-10-14 08:27:30'),
(393, 28, 448, 'Takalar', '2023-10-14 08:27:30', '2023-10-14 08:27:30'),
(394, 28, 451, 'Tana Toraja', '2023-10-14 08:27:30', '2023-10-14 08:27:30'),
(395, 28, 486, 'Toraja Utara', '2023-10-14 08:27:30', '2023-10-14 08:27:30'),
(396, 28, 493, 'Wajo', '2023-10-14 08:27:30', '2023-10-14 08:27:30'),
(397, 29, 25, 'Banggai', '2023-10-14 08:27:31', '2023-10-14 08:27:31'),
(398, 29, 26, 'Banggai Kepulauan', '2023-10-14 08:27:31', '2023-10-14 08:27:31'),
(399, 29, 98, 'Buol', '2023-10-14 08:27:31', '2023-10-14 08:27:31'),
(400, 29, 119, 'Donggala', '2023-10-14 08:27:31', '2023-10-14 08:27:31'),
(401, 29, 291, 'Morowali', '2023-10-14 08:27:31', '2023-10-14 08:27:31'),
(402, 29, 329, 'Palu', '2023-10-14 08:27:31', '2023-10-14 08:27:31'),
(403, 29, 338, 'Parigi Moutong', '2023-10-14 08:27:31', '2023-10-14 08:27:31'),
(404, 29, 366, 'Poso', '2023-10-14 08:27:31', '2023-10-14 08:27:31'),
(405, 29, 410, 'Sigi', '2023-10-14 08:27:31', '2023-10-14 08:27:31'),
(406, 29, 482, 'Tojo Una-Una', '2023-10-14 08:27:31', '2023-10-14 08:27:31'),
(407, 29, 483, 'Toli-Toli', '2023-10-14 08:27:31', '2023-10-14 08:27:31'),
(408, 30, 53, 'Bau-Bau', '2023-10-14 08:27:33', '2023-10-14 08:27:33'),
(409, 30, 85, 'Bombana', '2023-10-14 08:27:33', '2023-10-14 08:27:33'),
(410, 30, 101, 'Buton', '2023-10-14 08:27:33', '2023-10-14 08:27:33'),
(411, 30, 102, 'Buton Utara', '2023-10-14 08:27:33', '2023-10-14 08:27:33'),
(412, 30, 182, 'Kendari', '2023-10-14 08:27:33', '2023-10-14 08:27:33'),
(413, 30, 198, 'Kolaka', '2023-10-14 08:27:33', '2023-10-14 08:27:33'),
(414, 30, 199, 'Kolaka Utara', '2023-10-14 08:27:33', '2023-10-14 08:27:33'),
(415, 30, 200, 'Konawe', '2023-10-14 08:27:33', '2023-10-14 08:27:33'),
(416, 30, 201, 'Konawe Selatan', '2023-10-14 08:27:33', '2023-10-14 08:27:33'),
(417, 30, 202, 'Konawe Utara', '2023-10-14 08:27:33', '2023-10-14 08:27:33'),
(418, 30, 295, 'Muna', '2023-10-14 08:27:33', '2023-10-14 08:27:33'),
(419, 30, 494, 'Wakatobi', '2023-10-14 08:27:33', '2023-10-14 08:27:33'),
(420, 31, 73, 'Bitung', '2023-10-14 08:27:35', '2023-10-14 08:27:35'),
(421, 31, 81, 'Bolaang Mongondow (Bolmong)', '2023-10-14 08:27:35', '2023-10-14 08:27:35'),
(422, 31, 82, 'Bolaang Mongondow Selatan', '2023-10-14 08:27:35', '2023-10-14 08:27:35'),
(423, 31, 83, 'Bolaang Mongondow Timur', '2023-10-14 08:27:35', '2023-10-14 08:27:35'),
(424, 31, 84, 'Bolaang Mongondow Utara', '2023-10-14 08:27:35', '2023-10-14 08:27:35'),
(425, 31, 188, 'Kepulauan Sangihe', '2023-10-14 08:27:35', '2023-10-14 08:27:35'),
(426, 31, 190, 'Kepulauan Siau Tagulandang Biaro (Sitaro)', '2023-10-14 08:27:35', '2023-10-14 08:27:35'),
(427, 31, 192, 'Kepulauan Talaud', '2023-10-14 08:27:35', '2023-10-14 08:27:35'),
(428, 31, 204, 'Kotamobagu', '2023-10-14 08:27:35', '2023-10-14 08:27:35'),
(429, 31, 267, 'Manado', '2023-10-14 08:27:35', '2023-10-14 08:27:35'),
(430, 31, 285, 'Minahasa', '2023-10-14 08:27:35', '2023-10-14 08:27:35'),
(431, 31, 286, 'Minahasa Selatan', '2023-10-14 08:27:35', '2023-10-14 08:27:35'),
(432, 31, 287, 'Minahasa Tenggara', '2023-10-14 08:27:35', '2023-10-14 08:27:35'),
(433, 31, 288, 'Minahasa Utara', '2023-10-14 08:27:35', '2023-10-14 08:27:35'),
(434, 31, 485, 'Tomohon', '2023-10-14 08:27:35', '2023-10-14 08:27:35'),
(435, 32, 12, 'Agam', '2023-10-14 08:27:37', '2023-10-14 08:27:37'),
(436, 32, 93, 'Bukittinggi', '2023-10-14 08:27:37', '2023-10-14 08:27:37'),
(437, 32, 116, 'Dharmasraya', '2023-10-14 08:27:37', '2023-10-14 08:27:37'),
(438, 32, 186, 'Kepulauan Mentawai', '2023-10-14 08:27:37', '2023-10-14 08:27:37'),
(439, 32, 236, 'Lima Puluh Koto/Kota', '2023-10-14 08:27:37', '2023-10-14 08:27:37'),
(440, 32, 318, 'Padang', '2023-10-14 08:27:37', '2023-10-14 08:27:37'),
(441, 32, 321, 'Padang Panjang', '2023-10-14 08:27:37', '2023-10-14 08:27:37'),
(442, 32, 322, 'Padang Pariaman', '2023-10-14 08:27:37', '2023-10-14 08:27:37'),
(443, 32, 337, 'Pariaman', '2023-10-14 08:27:37', '2023-10-14 08:27:37'),
(444, 32, 339, 'Pasaman', '2023-10-14 08:27:37', '2023-10-14 08:27:37'),
(445, 32, 340, 'Pasaman Barat', '2023-10-14 08:27:37', '2023-10-14 08:27:37'),
(446, 32, 345, 'Payakumbuh', '2023-10-14 08:27:37', '2023-10-14 08:27:37'),
(447, 32, 357, 'Pesisir Selatan', '2023-10-14 08:27:37', '2023-10-14 08:27:37'),
(448, 32, 394, 'Sawah Lunto', '2023-10-14 08:27:37', '2023-10-14 08:27:37'),
(449, 32, 411, 'Sijunjung (Sawah Lunto Sijunjung)', '2023-10-14 08:27:37', '2023-10-14 08:27:37'),
(450, 32, 420, 'Solok', '2023-10-14 08:27:37', '2023-10-14 08:27:37'),
(451, 32, 421, 'Solok', '2023-10-14 08:27:37', '2023-10-14 08:27:37'),
(452, 32, 422, 'Solok Selatan', '2023-10-14 08:27:37', '2023-10-14 08:27:37'),
(453, 32, 453, 'Tanah Datar', '2023-10-14 08:27:37', '2023-10-14 08:27:37'),
(454, 33, 40, 'Banyuasin', '2023-10-14 08:27:39', '2023-10-14 08:27:39'),
(455, 33, 121, 'Empat Lawang', '2023-10-14 08:27:39', '2023-10-14 08:27:39'),
(456, 33, 220, 'Lahat', '2023-10-14 08:27:39', '2023-10-14 08:27:39'),
(457, 33, 242, 'Lubuk Linggau', '2023-10-14 08:27:39', '2023-10-14 08:27:39'),
(458, 33, 292, 'Muara Enim', '2023-10-14 08:27:39', '2023-10-14 08:27:39'),
(459, 33, 297, 'Musi Banyuasin', '2023-10-14 08:27:39', '2023-10-14 08:27:39'),
(460, 33, 298, 'Musi Rawas', '2023-10-14 08:27:39', '2023-10-14 08:27:39'),
(461, 33, 312, 'Ogan Ilir', '2023-10-14 08:27:39', '2023-10-14 08:27:39'),
(462, 33, 313, 'Ogan Komering Ilir', '2023-10-14 08:27:39', '2023-10-14 08:27:39'),
(463, 33, 314, 'Ogan Komering Ulu', '2023-10-14 08:27:39', '2023-10-14 08:27:39'),
(464, 33, 315, 'Ogan Komering Ulu Selatan', '2023-10-14 08:27:39', '2023-10-14 08:27:39'),
(465, 33, 316, 'Ogan Komering Ulu Timur', '2023-10-14 08:27:39', '2023-10-14 08:27:39'),
(466, 33, 324, 'Pagar Alam', '2023-10-14 08:27:39', '2023-10-14 08:27:39'),
(467, 33, 327, 'Palembang', '2023-10-14 08:27:39', '2023-10-14 08:27:39'),
(468, 33, 367, 'Prabumulih', '2023-10-14 08:27:39', '2023-10-14 08:27:39'),
(469, 34, 15, 'Asahan', '2023-10-14 08:27:41', '2023-10-14 08:27:41'),
(470, 34, 52, 'Batu Bara', '2023-10-14 08:27:41', '2023-10-14 08:27:41'),
(471, 34, 70, 'Binjai', '2023-10-14 08:27:41', '2023-10-14 08:27:41'),
(472, 34, 110, 'Dairi', '2023-10-14 08:27:41', '2023-10-14 08:27:41'),
(473, 34, 112, 'Deli Serdang', '2023-10-14 08:27:41', '2023-10-14 08:27:41'),
(474, 34, 137, 'Gunungsitoli', '2023-10-14 08:27:41', '2023-10-14 08:27:41'),
(475, 34, 146, 'Humbang Hasundutan', '2023-10-14 08:27:41', '2023-10-14 08:27:41'),
(476, 34, 173, 'Karo', '2023-10-14 08:27:41', '2023-10-14 08:27:41'),
(477, 34, 217, 'Labuhan Batu', '2023-10-14 08:27:41', '2023-10-14 08:27:41'),
(478, 34, 218, 'Labuhan Batu Selatan', '2023-10-14 08:27:41', '2023-10-14 08:27:41'),
(479, 34, 219, 'Labuhan Batu Utara', '2023-10-14 08:27:41', '2023-10-14 08:27:41'),
(480, 34, 229, 'Langkat', '2023-10-14 08:27:41', '2023-10-14 08:27:41'),
(481, 34, 268, 'Mandailing Natal', '2023-10-14 08:27:41', '2023-10-14 08:27:41'),
(482, 34, 278, 'Medan', '2023-10-14 08:27:41', '2023-10-14 08:27:41'),
(483, 34, 307, 'Nias', '2023-10-14 08:27:41', '2023-10-14 08:27:41'),
(484, 34, 308, 'Nias Barat', '2023-10-14 08:27:41', '2023-10-14 08:27:41'),
(485, 34, 309, 'Nias Selatan', '2023-10-14 08:27:41', '2023-10-14 08:27:41'),
(486, 34, 310, 'Nias Utara', '2023-10-14 08:27:41', '2023-10-14 08:27:41'),
(487, 34, 319, 'Padang Lawas', '2023-10-14 08:27:41', '2023-10-14 08:27:41'),
(488, 34, 320, 'Padang Lawas Utara', '2023-10-14 08:27:41', '2023-10-14 08:27:41'),
(489, 34, 323, 'Padang Sidempuan', '2023-10-14 08:27:41', '2023-10-14 08:27:41'),
(490, 34, 325, 'Pakpak Bharat', '2023-10-14 08:27:41', '2023-10-14 08:27:41'),
(491, 34, 353, 'Pematang Siantar', '2023-10-14 08:27:41', '2023-10-14 08:27:41'),
(492, 34, 389, 'Samosir', '2023-10-14 08:27:41', '2023-10-14 08:27:41'),
(493, 34, 404, 'Serdang Bedagai', '2023-10-14 08:27:41', '2023-10-14 08:27:41'),
(494, 34, 407, 'Sibolga', '2023-10-14 08:27:41', '2023-10-14 08:27:41'),
(495, 34, 413, 'Simalungun', '2023-10-14 08:27:41', '2023-10-14 08:27:41'),
(496, 34, 459, 'Tanjung Balai', '2023-10-14 08:27:41', '2023-10-14 08:27:41'),
(497, 34, 463, 'Tapanuli Selatan', '2023-10-14 08:27:41', '2023-10-14 08:27:41'),
(498, 34, 464, 'Tapanuli Tengah', '2023-10-14 08:27:41', '2023-10-14 08:27:41'),
(499, 34, 465, 'Tapanuli Utara', '2023-10-14 08:27:41', '2023-10-14 08:27:41'),
(500, 34, 470, 'Tebing Tinggi', '2023-10-14 08:27:41', '2023-10-14 08:27:41'),
(501, 34, 481, 'Toba Samosir', '2023-10-14 08:27:41', '2023-10-14 08:27:41');

INSERT INTO `couriers` (`id`, `code`, `title`, `created_at`, `updated_at`) VALUES
(1, 'jne', 'JNE', NULL, NULL),
(2, 'pos', 'POS', NULL, NULL),
(3, 'tiki', 'TIKI', NULL, NULL);

INSERT INTO `products` (`id`, `name`, `description`, `image`, `price`, `weigth`, `categories_id`, `created_at`, `updated_at`, `stok`) VALUES
(1, 'Sistem Keuangan', '-', 'imageproduct/ayeuVUSTTyRKGTH0FHlz1nE1WrNBBLq8WurPAuoV.png', 15000000, 0, 1, '2023-10-01 21:58:19', '2023-10-01 21:58:19', 100),
(2, 'Sistem Penjaminan Mutu', '-', 'imageproduct/Qbn54KgkBPtnDr0ASoTmFaKf5We7orwljyiUoQKH.png', 10000000, 0, 1, '2023-10-01 21:58:49', '2023-10-01 21:58:49', 100),
(3, 'Digital Librari', '-', 'imageproduct/oycPzvgAOyoMStS8NMxHvLPy6kr8WfGjB3GxMmGq.png', 7000000, 0, 1, '2023-10-01 22:15:08', '2023-10-01 22:15:08', 1000),
(4, 'E-Fakultas', '-', 'imageproduct/9flpnfbFmGqD9R2WIX7Lp2FvK7wPWD48XPQlL5AT.png', 50000000, 0, 1, '2023-10-01 22:51:37', '2023-10-01 22:51:37', 0),
(5, 'Motherboard', '-', 'imageproduct/P5h1UgS9MVMhPMbAyle5saT5vzyCzP6dfsbYi6cr.jpg', 2000000, 1000, 2, '2023-10-14 00:09:38', '2023-10-14 00:09:38', 100),
(6, 'V Series SSD', '-', 'imageproduct/X4Hss1xlgfRlcjyYcPKJNYRWOMDzjbhPSEZtyrdw.jpg', 500000, 200, 2, '2023-10-14 00:10:33', '2023-10-14 00:10:33', 100),
(7, 'Website dan UI/UX', '-', 'imageproduct/VHxlEBAvcU5QuOqaMOASAa6DyibACitId3bXgQtm.jpg', 2000000, 0, 3, '2023-10-14 00:11:29', '2023-10-14 00:12:26', 100),
(8, 'Desain Event Stage', '-', 'imageproduct/Bzv9mvxhyRLbmRVsgwleXOCm5zisIpqFuou3QAwe.jpg', 1000000, 0, 3, '2023-10-14 00:13:10', '2023-10-14 00:13:10', 100),
(9, 'E-Kasir Mobile App', '-', 'imageproduct/KU5fX3YqZk4q2KhFzvLqgc5gbWuihqjM7cuNe6l4.jpg', 8000000, 0, 1, '2023-10-14 00:13:50', '2023-10-14 00:13:50', 100),
(10, 'Desain Logo', '-', 'imageproduct/eUgpZydDrPutBdTGBnE8lHplP59StVFfF8VbTYzF.jpg', 1000000, 0, 3, '2023-10-14 00:14:35', '2023-10-14 00:14:35', 100),
(11, 'Desain Banner', '-', 'imageproduct/ECJv2auhLDnQEcY55ceD7WRQU4My3jhzTs2dcUQS.jpg', 100000, 0, 3, '2023-10-14 00:15:08', '2023-10-14 00:15:08', 100),
(12, 'PC', '-', 'imageproduct/3FiEtDYZxJMVZirPcIYvAdswRboRQpIqCOuZ3nor.jpg', 5000000, 3000, 2, '2023-10-14 00:17:53', '2023-10-14 00:17:53', 100),
(13, 'RAM', '-', 'imageproduct/RhY6y2ix4xiPnJWH8pTHVv0jjeTDWkCtwAVlQcfM.jpg', 500000, 200, 2, '2023-10-14 00:18:33', '2023-10-14 00:18:33', 100),
(14, 'Intel X299 Tower Dekstop PC', '-', 'imageproduct/NKxCYtTo7u7ZiXeSgtXukQtizyjdayKDQkIP6qn5.jpg', 5000000, 3000, 2, '2023-10-14 00:19:33', '2023-10-14 00:19:33', 100),
(15, 'RAM Kingstons HyperrX', '-', 'imageproduct/bBil6r2ErSAzAhME69dbneU1yA2EX13LvFJiqKnl.jpg', 1000000, 200, 2, '2023-10-14 00:20:25', '2023-10-14 00:20:25', 20),
(16, 'SSD Samsung', '-', 'imageproduct/hB8EdUnttQw0uTHD9m9bcVIcqrtN1vizqLUxg5kE.jpg', 5000000, 100, 2, '2023-10-14 00:21:12', '2023-10-14 00:21:12', 100),
(17, 'Intel Motheboard ASUS LGA 1150 Mini-ITX', '-', 'imageproduct/q2wXl7Oz1kuNY4jXZx83pu4yzl9v4rMHkPsGWnLl.jpg', 2000000, 200, 2, '2023-10-14 00:32:47', '2023-10-14 00:32:47', 100),
(18, 'Monitor AOC E2270swdn Full HD', '-', 'imageproduct/qLW2qEBRk81sMEdhjCsf87TdDHLGIR1lWCusp9GO.jpg', 1000000, 500, 2, '2023-10-14 00:33:39', '2023-10-14 00:33:39', 100),
(19, 'Logitech Keyboard & Mouse', '-', 'imageproduct/1BW0kYFl7icPucQQpxQMUY6BBvnNwcYxaP3UxZ7m.jpg', 400000, 200, 2, '2023-10-14 00:34:38', '2023-10-14 00:34:38', 100),
(20, 'Sistem Recomendasi', '-', 'imageproduct/7luZY3qYaS9eMMcFUx3Gjqw8D6YUHmcxU0w8ZIZn.png', 10000000, 0, 1, '2023-10-14 00:35:35', '2023-10-14 00:35:35', 100),
(21, 'Sistem Pendaftaran Mahasiswa', '-', 'imageproduct/6rESnxq3kyfOcRo5GTILxAq0UQh4ji9pHzRssb1R.png', 5000000, 0, 1, '2023-10-14 00:36:16', '2023-10-14 00:36:16', 100),
(22, 'Sistem Akademik', '-', 'imageproduct/TP75usXOdRnloS3fw3pOKbuwM8Uvy67z8oIUc18f.png', 10000000, 0, 1, '2023-10-14 00:37:24', '2023-10-14 00:37:24', 100),
(23, 'Desain Identitas Perusahaan (Corporate Identity Design)', '-', 'imageproduct/ethAUmMF8fjheXHgmAyahy2MP64DYn8BmfU0SqTW.jpg', 500000, 0, 3, '2023-10-14 00:38:23', '2023-10-14 00:38:23', 100),
(24, 'Desain Iklan (Advertising Design)', '-', 'imageproduct/y53c0NKKKgXgVgrP5dvyJMgDPhgDBPKdvcDaEuxN.jpg', 500000, 0, 3, '2023-10-14 00:39:49', '2023-10-14 00:39:49', 100),
(25, 'Desain Tipografi (Typography Design)', '-', 'imageproduct/WXr4XwHonj3xSibk4QvKwRS4zGszL6faHDk6JpwG.jpg', 1000000, 0, 3, '2023-10-14 00:41:57', '2023-10-14 00:41:57', 100),
(26, 'Desain Ilustrasi (Illustration Design)', '-', 'imageproduct/f1mFjHut9TWk9QmVlyG8kV8vnFHC2xw06o048guN.jpg', 1000000, 0, 3, '2023-10-14 00:42:44', '2023-10-14 00:42:44', 100),
(27, 'Desain Motion Graphics.', '-', 'imageproduct/SqRKx7evDSz4bUSS8lrYJLIwinNvIQKgR1hfLMXm.jpg', 100000000, 0, 3, '2023-10-14 00:43:08', '2023-10-14 00:43:08', 100),
(28, 'Desain Paket (Packaging Design)', '-', 'imageproduct/gHmScnGj4Z6KTpeQ2iAbrPTV5WWzpXxOUackTxiY.jpg', 10000000, 0, 3, '2023-10-14 00:43:33', '2023-10-14 00:43:33', 100),
(29, 'CPU Rizen', '-', 'imageproduct/9zn4jhY7I5UfMgpNktL4MHxSNSyGoqTRYJlHsevG.jpg', 1000000, 200, 2, '2023-10-14 00:46:07', '2023-10-14 00:46:07', 100),
(30, 'VGA Full', '-', 'imageproduct/IFdKuBKJX5lPu7HTuhIMHBqa1aor5g0NNAMMmVEx.jpg', 1000000, 1000, 2, '2023-10-14 00:46:33', '2023-10-14 00:46:33', 100);

INSERT INTO `provinces` (`id`, `province_id`, `title`, `created_at`, `updated_at`) VALUES
(1, 1, 'Bali', '2023-10-14 08:26:42', '2023-10-14 08:26:42'),
(2, 2, 'Bangka Belitung', '2023-10-14 08:26:44', '2023-10-14 08:26:44'),
(3, 3, 'Banten', '2023-10-14 08:26:45', '2023-10-14 08:26:45'),
(4, 4, 'Bengkulu', '2023-10-14 08:26:47', '2023-10-14 08:26:47'),
(5, 5, 'DI Yogyakarta', '2023-10-14 08:26:49', '2023-10-14 08:26:49'),
(6, 6, 'DKI Jakarta', '2023-10-14 08:26:51', '2023-10-14 08:26:51'),
(7, 7, 'Gorontalo', '2023-10-14 08:26:53', '2023-10-14 08:26:53'),
(8, 8, 'Jambi', '2023-10-14 08:26:54', '2023-10-14 08:26:54'),
(9, 9, 'Jawa Barat', '2023-10-14 08:26:56', '2023-10-14 08:26:56'),
(10, 10, 'Jawa Tengah', '2023-10-14 08:26:57', '2023-10-14 08:26:57'),
(11, 11, 'Jawa Timur', '2023-10-14 08:26:59', '2023-10-14 08:26:59'),
(12, 12, 'Kalimantan Barat', '2023-10-14 08:27:00', '2023-10-14 08:27:00'),
(13, 13, 'Kalimantan Selatan', '2023-10-14 08:27:02', '2023-10-14 08:27:02'),
(14, 14, 'Kalimantan Tengah', '2023-10-14 08:27:03', '2023-10-14 08:27:03'),
(15, 15, 'Kalimantan Timur', '2023-10-14 08:27:05', '2023-10-14 08:27:05'),
(16, 16, 'Kalimantan Utara', '2023-10-14 08:27:07', '2023-10-14 08:27:07'),
(17, 17, 'Kepulauan Riau', '2023-10-14 08:27:09', '2023-10-14 08:27:09'),
(18, 18, 'Lampung', '2023-10-14 08:27:11', '2023-10-14 08:27:11'),
(19, 19, 'Maluku', '2023-10-14 08:27:13', '2023-10-14 08:27:13'),
(20, 20, 'Maluku Utara', '2023-10-14 08:27:14', '2023-10-14 08:27:14'),
(21, 21, 'Nanggroe Aceh Darussalam (NAD)', '2023-10-14 08:27:16', '2023-10-14 08:27:16'),
(22, 22, 'Nusa Tenggara Barat (NTB)', '2023-10-14 08:27:17', '2023-10-14 08:27:17'),
(23, 23, 'Nusa Tenggara Timur (NTT)', '2023-10-14 08:27:19', '2023-10-14 08:27:19'),
(24, 24, 'Papua', '2023-10-14 08:27:21', '2023-10-14 08:27:21'),
(25, 25, 'Papua Barat', '2023-10-14 08:27:23', '2023-10-14 08:27:23'),
(26, 26, 'Riau', '2023-10-14 08:27:25', '2023-10-14 08:27:25'),
(27, 27, 'Sulawesi Barat', '2023-10-14 08:27:27', '2023-10-14 08:27:27'),
(28, 28, 'Sulawesi Selatan', '2023-10-14 08:27:29', '2023-10-14 08:27:29'),
(29, 29, 'Sulawesi Tengah', '2023-10-14 08:27:30', '2023-10-14 08:27:30'),
(30, 30, 'Sulawesi Tenggara', '2023-10-14 08:27:31', '2023-10-14 08:27:31'),
(31, 31, 'Sulawesi Utara', '2023-10-14 08:27:33', '2023-10-14 08:27:33'),
(32, 32, 'Sumatera Barat', '2023-10-14 08:27:35', '2023-10-14 08:27:35'),
(33, 33, 'Sumatera Selatan', '2023-10-14 08:27:37', '2023-10-14 08:27:37'),
(34, 34, 'Sumatera Utara', '2023-10-14 08:27:39', '2023-10-14 08:27:39');


INSERT INTO `rating` (`id`, `user_id`, `product_id`, `rating`, `created_at`, `updated_at`) VALUES
(1, 1, 5, 5, '2023-10-14 08:53:20', '2023-10-14 08:53:20'),
(2, 1, 17, 2, '2023-10-14 08:53:47', '2023-10-14 08:53:47'),
(3, 1, 1, 4.5, '2023-10-14 08:54:37', '2023-10-14 08:54:37'),
(4, 4, 21, 4, '2023-10-14 08:56:24', '2023-10-14 08:56:24'),
(5, 2, 3, 3, '2023-10-14 08:57:40', '2023-10-14 08:57:40'),
(6, 2, 22, 1, '2023-10-14 09:05:02', '2023-10-14 09:05:02'),
(7, 2, 10, 3, '2023-10-14 09:05:17', '2023-10-14 09:05:17'),
(8, 2, 7, 3.5, '2023-10-14 09:16:13', '2023-10-14 09:16:13'),
(9, 3, 24, 3, '2023-10-14 09:17:18', '2023-10-14 09:17:18'),
(10, 2, 28, 2.5, '2023-10-14 09:18:00', '2023-10-14 09:18:00'),
(11, 3, 29, 3, '2023-10-14 09:20:11', '2023-10-14 09:20:11'),
(12, 3, 9, 4, '2023-10-14 09:20:22', '2023-10-14 09:20:22'),
(13, 3, 28, 3.5, '2023-10-14 09:27:40', '2023-10-14 09:27:40'),
(14, 4, 3, 4, '2023-10-14 09:28:29', '2023-10-14 09:28:29'),
(15, 4, 4, 3, '2023-10-14 09:28:39', '2023-10-14 09:28:39'),
(16, 5, 8, 2.5, '2023-10-14 09:28:52', '2023-10-14 09:28:52'),
(17, 5, 15, 2.5, '2023-10-14 09:29:14', '2023-10-14 09:29:14'),
(18, 5, 9, 2.5, '2023-10-14 09:29:22', '2023-10-14 09:29:22'),
(19, 6, 9, 3, '2023-10-14 09:30:27', '2023-10-14 09:30:27'),
(20, 6, 22, 4.5, '2023-10-14 09:30:39', '2023-10-14 09:30:39'),
(21, 6, 12, 4.5, '2023-10-14 09:30:50', '2023-10-14 09:30:50'),
(22, 6, 2, 4.5, '2023-10-14 09:31:00', '2023-10-14 09:31:00'),
(23, 7, 25, 5, '2023-10-14 09:31:12', '2023-10-14 09:31:12'),
(24, 7, 16, 3, '2023-10-14 09:31:21', '2023-10-14 09:31:21'),
(25, 7, 18, 4.5, '2023-10-14 09:31:31', '2023-10-14 09:31:31'),
(26, 7, 19, 5, '2023-10-14 09:32:02', '2023-10-14 09:32:02'),
(27, 8, 13, 4.5, '2023-10-14 09:33:11', '2023-10-14 09:33:11'),
(28, 8, 16, 2.5, '2023-10-14 09:33:54', '2023-10-14 09:33:54'),
(29, 8, 2, 5, '2023-10-14 09:34:02', '2023-10-14 09:34:02'),
(30, 8, 18, 3, '2023-10-14 09:34:18', '2023-10-14 09:34:18'),
(31, 9, 25, 4.5, '2023-10-14 09:36:36', '2023-10-14 09:36:36'),
(32, 9, 23, 4, '2023-10-14 09:36:47', '2023-10-14 09:36:47'),
(33, 9, 15, 3, '2023-10-14 09:37:00', '2023-10-14 09:37:00'),
(34, 9, 3, 3, '2023-10-14 09:37:12', '2023-10-14 09:37:12'),
(35, 10, 5, 3, '2023-10-14 09:37:33', '2023-10-14 09:37:33'),
(36, 10, 25, 4.5, '2023-10-14 09:37:44', '2023-10-14 09:37:44'),
(37, 10, 20, 4.5, '2023-10-14 09:37:54', '2023-10-14 09:37:54'),
(38, 10, 13, 3, '2023-10-14 09:38:05', '2023-10-14 09:38:05'),
(39, 11, 17, 3, '2023-10-14 09:38:25', '2023-10-14 09:38:25'),
(40, 11, 10, 4.5, '2023-10-14 09:38:34', '2023-10-14 09:38:34'),
(41, 11, 18, 4, '2023-10-14 09:39:00', '2023-10-14 09:39:00'),
(42, 11, 29, 5, '2023-10-14 09:39:13', '2023-10-14 09:39:13'),
(43, 12, 5, 5, '2023-10-14 09:41:11', '2023-10-14 09:41:11'),
(44, 12, 3, 5, '2023-10-14 09:43:07', '2023-10-14 09:43:07'),
(45, 12, 22, 4, '2023-10-14 09:43:20', '2023-10-14 09:43:20'),
(46, 12, 9, 4, '2023-10-14 09:43:33', '2023-10-14 09:43:33'),
(47, 13, 2, 3.5, '2023-10-14 09:43:48', '2023-10-14 09:43:48'),
(48, 13, 13, 3, '2023-10-14 09:43:58', '2023-10-14 09:43:58'),
(49, 13, 29, 3, '2023-10-14 09:44:11', '2023-10-14 09:44:11'),
(50, 13, 15, 3, '2023-10-14 09:44:25', '2023-10-14 09:44:25'),
(51, 14, 15, 4, '2023-10-14 09:44:36', '2023-10-14 09:44:36'),
(52, 14, 11, 4, '2023-10-14 09:45:09', '2023-10-14 09:45:09'),
(53, 14, 24, 5, '2023-10-14 09:45:25', '2023-10-14 09:45:25'),
(54, 14, 21, 4, '2023-10-14 09:45:39', '2023-10-14 09:45:39'),
(55, 15, 11, 3, '2023-10-14 09:45:49', '2023-10-14 09:45:49'),
(56, 14, 12, 4, '2023-10-14 09:46:00', '2023-10-14 09:46:00'),
(57, 15, 13, 4, '2023-10-14 09:46:51', '2023-10-14 09:46:51'),
(58, 15, 3, 3.5, '2023-10-14 09:47:00', '2023-10-14 09:47:00'),
(59, 15, 24, 4, '2023-10-14 09:47:11', '2023-10-14 09:47:11'),
(60, 16, 6, 5, '2023-10-14 09:47:21', '2023-10-14 09:47:21'),
(61, 16, 11, 4, '2023-10-14 09:47:47', '2023-10-14 09:47:47'),
(62, 16, 16, 4.5, '2023-10-14 09:48:58', '2023-10-14 09:48:58'),
(63, 17, 11, 5, '2023-10-14 09:49:20', '2023-10-14 09:49:20'),
(64, 17, 4, 4.5, '2023-10-14 09:50:03', '2023-10-14 09:50:03'),
(65, 17, 18, 3.5, '2023-10-14 09:50:18', '2023-10-14 09:50:18'),
(66, 17, 2, 3, '2023-10-14 09:50:28', '2023-10-14 09:50:28'),
(67, 18, 13, 5, '2023-10-14 09:50:43', '2023-10-14 09:50:43'),
(68, 18, 30, 4.5, '2023-10-14 09:51:04', '2023-10-14 09:51:04'),
(69, 18, 26, 3, '2023-10-14 09:51:28', '2023-10-14 09:51:28'),
(70, 19, 18, 3, '2023-10-14 09:51:36', '2023-10-14 09:51:36'),
(71, 19, 16, 5, '2023-10-14 09:52:37', '2023-10-14 09:52:37'),
(72, 19, 13, 3, '2023-10-14 09:52:44', '2023-10-14 09:52:44'),
(73, 19, 5, 3, '2023-10-14 09:52:55', '2023-10-14 09:52:55'),
(74, 12, 30, 5, '2023-10-14 09:53:59', '2023-10-14 09:53:59'),
(75, 20, 13, 3, '2023-10-14 09:54:12', '2023-10-14 09:54:12'),
(76, 20, 6, 3, '2023-10-14 09:54:21', '2023-10-14 09:54:21'),
(77, 20, 19, 4, '2023-10-14 09:54:33', '2023-10-14 09:54:33'),
(78, 21, 29, 4, '2023-10-14 09:58:36', '2023-10-14 09:58:36'),
(79, 21, 8, 2, '2023-10-14 09:58:49', '2023-10-14 09:58:49'),
(80, 21, 28, 3.5, '2023-10-14 09:59:04', '2023-10-14 09:59:04'),
(81, 21, 20, 5, '2023-10-14 09:59:21', '2023-10-14 09:59:21'),
(82, 22, 10, 4, '2023-10-14 09:59:30', '2023-10-14 09:59:30'),
(83, 22, 21, 3, '2023-10-14 09:59:40', '2023-10-14 09:59:40'),
(84, 22, 8, 5, '2023-10-14 09:59:50', '2023-10-14 09:59:50'),
(85, 22, 3, 4, '2023-10-14 10:00:03', '2023-10-14 10:00:03'),
(86, 23, 7, 4, '2023-10-14 10:00:24', '2023-10-14 10:00:24'),
(87, 23, 6, 4.5, '2023-10-14 10:00:33', '2023-10-14 10:00:33'),
(88, 23, 26, 4, '2023-10-14 10:00:48', '2023-10-14 10:00:48'),
(89, 23, 12, 5, '2023-10-14 10:01:07', '2023-10-14 10:01:07'),
(90, 24, 7, 4.5, '2023-10-14 10:04:50', '2023-10-14 10:04:50'),
(91, 24, 5, 3.5, '2023-10-14 10:05:01', '2023-10-14 10:05:01'),
(92, 27, 13, 3.5, '2023-10-14 10:05:21', '2023-10-14 10:05:21'),
(93, 24, 3, 4, '2023-10-14 10:05:31', '2023-10-14 10:05:31'),
(94, 25, 26, 3.5, '2023-10-14 10:06:14', '2023-10-14 10:06:14'),
(95, 25, 24, 5, '2023-10-14 10:06:26', '2023-10-14 10:06:26'),
(96, 25, 2, 4, '2023-10-14 10:06:37', '2023-10-14 10:06:37'),
(97, 25, 25, 3, '2023-10-14 10:06:50', '2023-10-14 10:06:50'),
(98, 26, 23, 5, '2023-10-14 10:07:05', '2023-10-14 10:07:05'),
(99, 26, 16, 4, '2023-10-14 10:07:18', '2023-10-14 10:07:18'),
(100, 26, 24, 3, '2023-10-14 10:07:31', '2023-10-14 10:07:31'),
(101, 26, 17, 4, '2023-10-14 10:07:44', '2023-10-14 10:07:44'),
(102, 27, 18, 4.5, '2023-10-14 10:08:54', '2023-10-14 10:08:54'),
(103, 27, 27, 5, '2023-10-14 10:09:08', '2023-10-14 10:09:08'),
(104, 27, 1, 3, '2023-10-14 10:09:35', '2023-10-14 10:09:35'),
(105, 28, 24, 4, '2023-10-14 10:11:22', '2023-10-14 10:11:22'),
(106, 28, 12, 4, '2023-10-14 10:11:32', '2023-10-14 10:11:32'),
(107, 28, 17, 3, '2023-10-14 10:11:45', '2023-10-14 10:11:45'),
(108, 28, 2, 4.5, '2023-10-14 10:11:57', '2023-10-14 10:11:57'),
(109, 28, 3, 4.5, '2023-10-14 10:12:28', '2023-10-14 10:12:28'),
(110, 29, 19, 3.5, '2023-10-14 10:13:20', '2023-10-14 10:13:20'),
(111, 29, 12, 3, '2023-10-14 10:13:32', '2023-10-14 10:13:32'),
(112, 29, 15, 5, '2023-10-14 10:13:41', '2023-10-14 10:13:41'),
(113, 29, 10, 3.5, '2023-10-14 10:13:52', '2023-10-14 10:13:52'),
(114, 30, 23, 3, '2023-10-14 10:14:08', '2023-10-14 10:14:08'),
(115, 30, 19, 3.5, '2023-10-14 10:14:18', '2023-10-14 10:14:18'),
(116, 30, 25, 3, '2023-10-14 10:14:32', '2023-10-14 10:14:32'),
(117, 30, 14, 4, '2023-10-14 10:14:51', '2023-10-14 10:14:51'),
(118, 31, 29, 3.5, '2023-10-14 19:43:57', '2023-10-14 19:43:57'),
(119, 31, 13, 3.5, '2023-10-14 19:44:24', '2023-10-14 19:44:24'),
(120, 31, 22, 3.5, '2023-10-14 19:44:51', '2023-10-14 19:44:51'),
(121, 32, 20, 4.5, '2023-10-14 19:45:08', '2023-10-14 19:45:08'),
(122, 32, 23, 5, '2023-10-14 19:45:18', '2023-10-14 19:45:18'),
(123, 32, 9, 3, '2023-10-14 19:45:28', '2023-10-14 19:45:28'),
(124, 32, 2, 4, '2023-10-14 19:45:36', '2023-10-14 19:45:36'),
(125, 33, 4, 3.5, '2023-10-14 19:45:47', '2023-10-14 19:45:47'),
(126, 33, 23, 3.5, '2023-10-14 19:45:59', '2023-10-14 19:45:59'),
(127, 33, 13, 4, '2023-10-14 19:46:11', '2023-10-14 19:46:11'),
(128, 34, 5, 3, '2023-10-14 19:46:38', '2023-10-14 19:46:38'),
(129, 34, 22, 4, '2023-10-14 19:47:05', '2023-10-14 19:47:05'),
(130, 34, 2, 3.5, '2023-10-14 19:47:14', '2023-10-14 19:47:14'),
(131, 34, 18, 5, '2023-10-14 19:47:24', '2023-10-14 19:47:24'),
(132, 35, 28, 3, '2023-10-14 19:47:41', '2023-10-14 19:47:41'),
(133, 35, 3, 5, '2023-10-14 19:47:51', '2023-10-14 19:47:51'),
(134, 35, 11, 3.5, '2023-10-14 19:47:59', '2023-10-14 19:47:59'),
(135, 35, 6, 4.5, '2023-10-14 19:48:09', '2023-10-14 19:48:09'),
(136, 36, 6, 3, '2023-10-14 19:48:19', '2023-10-14 19:48:19'),
(137, 36, 14, 3, '2023-10-14 19:48:32', '2023-10-14 19:48:32'),
(138, 36, 1, 3, '2023-10-14 19:48:40', '2023-10-14 19:48:40'),
(139, 36, 9, 3.5, '2023-10-14 19:48:50', '2023-10-14 19:48:50'),
(140, 37, 27, 3.5, '2023-10-14 19:49:02', '2023-10-14 19:49:02'),
(141, 37, 15, 4, '2023-10-14 19:49:11', '2023-10-14 19:49:11'),
(142, 37, 11, 4.5, '2023-10-14 19:49:22', '2023-10-14 19:49:22'),
(143, 37, 9, 5, '2023-10-14 19:49:42', '2023-10-14 19:49:42'),
(144, 38, 1, 5, '2023-10-14 19:50:34', '2023-10-14 19:50:34'),
(145, 38, 12, 4, '2023-10-14 19:50:44', '2023-10-14 19:50:44'),
(146, 38, 8, 5, '2023-10-14 19:50:54', '2023-10-14 19:50:54'),
(147, 38, 7, 4, '2023-10-14 19:51:05', '2023-10-14 19:51:05'),
(148, 39, 27, 3.5, '2023-10-14 19:51:21', '2023-10-14 19:51:21'),
(149, 39, 12, 3.5, '2023-10-14 19:51:30', '2023-10-14 19:51:30'),
(150, 39, 29, 4.5, '2023-10-14 19:51:45', '2023-10-14 19:51:45'),
(151, 39, 14, 3, '2023-10-14 19:51:58', '2023-10-14 19:51:58'),
(152, 40, 6, 4.5, '2023-10-14 19:52:12', '2023-10-14 19:52:12'),
(153, 40, 11, 5, '2023-10-14 19:52:24', '2023-10-14 19:52:24'),
(154, 40, 13, 3, '2023-10-14 19:52:35', '2023-10-14 19:52:35'),
(155, 40, 5, 5, '2023-10-14 19:52:45', '2023-10-14 19:52:45'),
(156, 41, 16, 3.5, '2023-10-14 19:53:20', '2023-10-14 19:53:20'),
(157, 41, 7, 3, '2023-10-14 19:53:29', '2023-10-14 19:53:29'),
(158, 41, 6, 3.5, '2023-10-14 19:53:40', '2023-10-14 19:53:40'),
(159, 41, 3, 3, '2023-10-14 19:53:49', '2023-10-14 19:53:49'),
(160, 42, 9, 4, '2023-10-14 19:54:07', '2023-10-14 19:54:07'),
(161, 42, 15, 5, '2023-10-14 19:54:16', '2023-10-14 19:54:16'),
(162, 42, 14, 4, '2023-10-14 19:54:25', '2023-10-14 19:54:25'),
(163, 42, 13, 3.5, '2023-10-14 19:54:36', '2023-10-14 19:54:36'),
(164, 43, 29, 3, '2023-10-14 19:54:53', '2023-10-14 19:54:53'),
(165, 43, 19, 5, '2023-10-14 19:57:28', '2023-10-14 19:57:28'),
(166, 43, 4, 3.5, '2023-10-14 19:57:37', '2023-10-14 19:57:37'),
(167, 43, 6, 3.5, '2023-10-14 19:57:50', '2023-10-14 19:57:50'),
(168, 44, 4, 4, '2023-10-14 19:58:22', '2023-10-14 19:58:22'),
(169, 44, 6, 3.5, '2023-10-14 19:58:45', '2023-10-14 19:58:45'),
(170, 44, 5, 3, '2023-10-14 19:58:54', '2023-10-14 19:58:54'),
(171, 44, 7, 5, '2023-10-14 19:59:03', '2023-10-14 19:59:03'),
(172, 44, 8, 5, '2023-10-14 19:59:28', '2023-10-14 19:59:28'),
(173, 43, 23, 4, '2023-10-14 20:00:03', '2023-10-14 20:00:03'),
(174, 45, 16, 4, '2023-10-14 20:00:26', '2023-10-14 20:00:26'),
(175, 45, 25, 4.5, '2023-10-14 20:00:35', '2023-10-14 20:00:35'),
(176, 45, 26, 3.5, '2023-10-14 20:00:46', '2023-10-14 20:00:46'),
(177, 46, 25, 3.5, '2023-10-14 20:01:04', '2023-10-14 20:01:04'),
(178, 46, 16, 4.5, '2023-10-14 20:01:15', '2023-10-14 20:01:15'),
(179, 46, 23, 4.5, '2023-10-14 20:01:27', '2023-10-14 20:01:27'),
(180, 46, 11, 4, '2023-10-14 20:01:38', '2023-10-14 20:01:38'),
(181, 47, 3, 4, '2023-10-14 20:01:52', '2023-10-14 20:01:52'),
(182, 47, 23, 5, '2023-10-14 20:02:03', '2023-10-14 20:02:03'),
(183, 47, 8, 3, '2023-10-14 20:02:12', '2023-10-14 20:02:12'),
(184, 47, 24, 5, '2023-10-14 20:02:23', '2023-10-14 20:02:23'),
(185, 48, 14, 4, '2023-10-14 20:03:13', '2023-10-14 20:03:13'),
(186, 48, 3, 4, '2023-10-14 20:03:21', '2023-10-14 20:03:21'),
(187, 48, 10, 3, '2023-10-14 20:03:31', '2023-10-14 20:03:31'),
(188, 48, 9, 5, '2023-10-14 20:03:39', '2023-10-14 20:03:39'),
(189, 49, 16, 4.5, '2023-10-14 20:03:51', '2023-10-14 20:03:51'),
(190, 49, 12, 4.5, '2023-10-14 20:04:00', '2023-10-14 20:04:00'),
(191, 49, 23, 5, '2023-10-14 20:04:09', '2023-10-14 20:04:09'),
(192, 49, 30, 5, '2023-10-14 20:04:18', '2023-10-14 20:04:18'),
(193, 50, 8, 3, '2023-10-14 20:04:29', '2023-10-14 20:04:29'),
(194, 50, 2, 3, '2023-10-14 20:04:40', '2023-10-14 20:04:40'),
(195, 50, 30, 4, '2023-10-14 20:04:50', '2023-10-14 20:04:50'),
(196, 50, 26, 3, '2023-10-14 20:05:03', '2023-10-14 20:05:03'),
(197, 51, 16, 5, '2023-10-14 20:07:44', '2023-10-14 20:07:44'),
(198, 51, 22, 4, '2023-10-14 20:07:53', '2023-10-14 20:07:53'),
(199, 51, 15, 5, '2023-10-14 20:08:04', '2023-10-14 20:08:04'),
(200, 51, 24, 4, '2023-10-14 20:08:15', '2023-10-14 20:08:15'),
(201, 52, 10, 4, '2023-10-14 20:08:37', '2023-10-14 20:08:37'),
(202, 52, 1, 5, '2023-10-14 20:08:50', '2023-10-14 20:08:50'),
(203, 52, 25, 4, '2023-10-14 20:09:03', '2023-10-14 20:09:03'),
(204, 53, 30, 3.5, '2023-10-14 20:09:39', '2023-10-14 20:09:39'),
(205, 53, 14, 3.5, '2023-10-14 20:10:34', '2023-10-14 20:10:34'),
(206, 53, 25, 5, '2023-10-14 20:10:43', '2023-10-14 20:10:43'),
(207, 53, 5, 3, '2023-10-14 20:10:53', '2023-10-14 20:10:53'),
(208, 54, 3, 3.5, '2023-10-14 20:11:05', '2023-10-14 20:11:05'),
(209, 54, 1, 5, '2023-10-14 20:11:12', '2023-10-14 20:11:12'),
(210, 54, 19, 4.5, '2023-10-14 20:11:22', '2023-10-14 20:11:22'),
(211, 54, 11, 4.5, '2023-10-14 20:11:31', '2023-10-14 20:11:31'),
(212, 55, 16, 3.5, '2023-10-14 20:11:49', '2023-10-14 20:11:49'),
(213, 55, 25, 4.5, '2023-10-14 20:12:01', '2023-10-14 20:12:01'),
(214, 55, 5, 5, '2023-10-14 20:12:11', '2023-10-14 20:12:11'),
(215, 55, 7, 5, '2023-10-14 20:12:20', '2023-10-14 20:12:20'),
(216, 56, 2, 4.5, '2023-10-14 20:12:30', '2023-10-14 20:12:30'),
(217, 56, 13, 5, '2023-10-14 20:13:15', '2023-10-14 20:13:15'),
(218, 56, 3, 5, '2023-10-14 20:13:39', '2023-10-14 20:13:39'),
(219, 56, 8, 3, '2023-10-14 20:13:47', '2023-10-14 20:13:47'),
(220, 57, 12, 5, '2023-10-14 20:16:31', '2023-10-14 20:16:31'),
(221, 57, 15, 3.5, '2023-10-14 20:16:40', '2023-10-14 20:16:40'),
(222, 57, 9, 4.5, '2023-10-14 20:16:48', '2023-10-14 20:16:48'),
(223, 57, 14, 4.5, '2023-10-14 20:16:57', '2023-10-14 20:16:57'),
(224, 58, 26, 5, '2023-10-14 20:17:16', '2023-10-14 20:17:16'),
(225, 58, 2, 5, '2023-10-14 20:17:25', '2023-10-14 20:17:25'),
(226, 58, 22, 3.5, '2023-10-14 20:17:35', '2023-10-14 20:17:35'),
(227, 58, 11, 3, '2023-10-14 20:17:54', '2023-10-14 20:17:54'),
(228, 59, 2, 3, '2023-10-14 20:18:16', '2023-10-14 20:18:16'),
(229, 59, 24, 4, '2023-10-14 20:18:27', '2023-10-14 20:18:27'),
(230, 59, 29, 4.5, '2023-10-14 20:18:37', '2023-10-14 20:18:37'),
(231, 59, 1, 4.5, '2023-10-14 20:18:46', '2023-10-14 20:18:46'),
(232, 60, 25, 4, '2023-10-14 20:19:00', '2023-10-14 20:19:00'),
(233, 60, 13, 3, '2023-10-14 20:19:10', '2023-10-14 20:19:10'),
(234, 60, 18, 4, '2023-10-14 20:19:19', '2023-10-14 20:19:19'),
(235, 60, 3, 3, '2023-10-14 20:19:30', '2023-10-14 20:19:30'),
(236, 61, 30, 3, '2023-10-14 20:26:50', '2023-10-14 20:26:50'),
(237, 61, 15, 3, '2023-10-14 20:27:08', '2023-10-14 20:27:08'),
(238, 61, 7, 4.5, '2023-10-14 20:27:21', '2023-10-14 20:27:21'),
(239, 61, 20, 4.5, '2023-10-14 20:27:30', '2023-10-14 20:27:30'),
(240, 62, 2, 4.5, '2023-10-14 20:28:17', '2023-10-14 20:28:17'),
(241, 62, 1, 4.5, '2023-10-14 20:28:25', '2023-10-14 20:28:25'),
(242, 62, 3, 4, '2023-10-14 20:28:35', '2023-10-14 20:28:35'),
(243, 62, 28, 4.5, '2023-10-14 20:28:46', '2023-10-14 20:28:46'),
(244, 63, 29, 3.5, '2023-10-14 20:29:21', '2023-10-14 20:29:21'),
(245, 63, 9, 4.5, '2023-10-14 20:29:35', '2023-10-14 20:29:35'),
(246, 63, 5, 3, '2023-10-14 20:29:43', '2023-10-14 20:29:43'),
(247, 63, 24, 3.5, '2023-10-14 20:29:54', '2023-10-14 20:29:54'),
(248, 64, 12, 4.5, '2023-10-14 20:30:18', '2023-10-14 20:30:18'),
(249, 64, 11, 4.5, '2023-10-14 20:30:26', '2023-10-14 20:30:26'),
(250, 64, 27, 4, '2023-10-14 20:30:39', '2023-10-14 20:30:39'),
(251, 65, 29, 5, '2023-10-14 20:31:37', '2023-10-14 20:31:37'),
(252, 65, 2, 3, '2023-10-14 20:31:45', '2023-10-14 20:31:45'),
(253, 65, 3, 3.5, '2023-10-14 20:31:56', '2023-10-14 20:31:56'),
(254, 65, 11, 4.5, '2023-10-14 20:32:06', '2023-10-14 20:32:06'),
(255, 66, 3, 4, '2023-10-14 20:33:07', '2023-10-14 20:33:07'),
(256, 66, 14, 3.5, '2023-10-14 20:33:16', '2023-10-14 20:33:16'),
(257, 65, 10, 5, '2023-10-14 20:33:24', '2023-10-14 20:33:24'),
(258, 66, 30, 4, '2023-10-14 20:33:50', '2023-10-14 20:33:50'),
(259, 67, 11, 3, '2023-10-14 20:34:03', '2023-10-14 20:34:03'),
(260, 67, 14, 3.5, '2023-10-14 20:34:12', '2023-10-14 20:34:12'),
(261, 67, 26, 3.5, '2023-10-14 20:34:23', '2023-10-14 20:34:23'),
(262, 67, 15, 3.5, '2023-10-14 20:34:34', '2023-10-14 20:34:34'),
(263, 68, 29, 4.5, '2023-10-14 20:35:19', '2023-10-14 20:35:19'),
(264, 68, 19, 3.5, '2023-10-14 20:35:27', '2023-10-14 20:35:27'),
(265, 68, 10, 4.5, '2023-10-14 20:35:36', '2023-10-14 20:35:36'),
(266, 68, 12, 4, '2023-10-14 20:35:45', '2023-10-14 20:35:45'),
(267, 69, 2, 3, '2023-10-14 20:36:06', '2023-10-14 20:36:06'),
(268, 69, 25, 5, '2023-10-14 20:36:19', '2023-10-14 20:36:19'),
(269, 69, 5, 5, '2023-10-14 20:36:28', '2023-10-14 20:36:28'),
(270, 69, 3, 4, '2023-10-14 20:36:36', '2023-10-14 20:36:36'),
(271, 70, 11, 5, '2023-10-14 20:36:58', '2023-10-14 20:36:58'),
(272, 70, 7, 3, '2023-10-14 20:37:11', '2023-10-14 20:37:11'),
(273, 70, 17, 4, '2023-10-14 20:37:22', '2023-10-14 20:37:22'),
(274, 70, 26, 4, '2023-10-14 20:37:32', '2023-10-14 20:37:32'),
(275, 71, 19, 4, '2023-10-14 20:42:42', '2023-10-14 20:42:42'),
(276, 71, 26, 3, '2023-10-14 20:42:54', '2023-10-14 20:42:54'),
(277, 71, 4, 4.5, '2023-10-14 20:43:02', '2023-10-14 20:43:02'),
(278, 72, 15, 3.5, '2023-10-14 20:43:19', '2023-10-14 20:43:19'),
(279, 72, 24, 3, '2023-10-14 20:43:28', '2023-10-14 20:43:28'),
(280, 72, 17, 5, '2023-10-14 20:43:37', '2023-10-14 20:43:37'),
(281, 72, 5, 4, '2023-10-14 20:43:45', '2023-10-14 20:43:45'),
(282, 73, 5, 5, '2023-10-14 20:43:56', '2023-10-14 20:43:56'),
(283, 73, 1, 3, '2023-10-14 20:44:10', '2023-10-14 20:44:10'),
(284, 73, 19, 4, '2023-10-14 20:44:41', '2023-10-14 20:44:41'),
(285, 73, 12, 3, '2023-10-14 20:45:33', '2023-10-14 20:45:33'),
(286, 74, 5, 4, '2023-10-14 20:45:48', '2023-10-14 20:45:48'),
(287, 74, 3, 3.5, '2023-10-14 20:46:00', '2023-10-14 20:46:00'),
(288, 74, 18, 3.5, '2023-10-14 20:46:11', '2023-10-14 20:46:11'),
(289, 75, 17, 4.5, '2023-10-14 20:46:37', '2023-10-14 20:46:37'),
(290, 75, 7, 4, '2023-10-14 20:46:47', '2023-10-14 20:46:47'),
(291, 75, 10, 5, '2023-10-14 20:46:54', '2023-10-14 20:46:54'),
(292, 75, 13, 5, '2023-10-14 20:47:03', '2023-10-14 20:47:03'),
(293, 76, 6, 5, '2023-10-14 20:47:16', '2023-10-14 20:47:16'),
(294, 76, 22, 5, '2023-10-14 20:47:25', '2023-10-14 20:47:25'),
(295, 76, 5, 4.5, '2023-10-14 20:47:36', '2023-10-14 20:47:36'),
(296, 76, 26, 5, '2023-10-14 20:47:48', '2023-10-14 20:47:48'),
(297, 77, 16, 5, '2023-10-14 21:55:00', '2023-10-14 21:55:00'),
(298, 77, 30, 4, '2023-10-14 21:55:12', '2023-10-14 21:55:12'),
(299, 77, 4, 3, '2023-10-14 21:55:19', '2023-10-14 21:55:19'),
(300, 78, 7, 4.5, '2023-10-14 21:57:33', '2023-10-14 21:57:33'),
(301, 78, 15, 4, '2023-10-14 21:57:43', '2023-10-14 21:57:43'),
(302, 78, 12, 3.5, '2023-10-14 21:57:53', '2023-10-14 21:57:53'),
(303, 78, 1, 4.5, '2023-10-14 21:58:00', '2023-10-14 21:58:00'),
(304, 79, 10, 3.5, '2023-10-14 21:58:15', '2023-10-14 21:58:15'),
(305, 79, 20, 3.5, '2023-10-14 21:58:25', '2023-10-14 21:58:25'),
(306, 79, 16, 4, '2023-10-14 21:58:34', '2023-10-14 21:58:34'),
(307, 79, 23, 4, '2023-10-14 21:58:45', '2023-10-14 21:58:45'),
(308, 80, 10, 5, '2023-10-14 21:58:59', '2023-10-14 21:58:59'),
(309, 80, 27, 3.5, '2023-10-14 21:59:13', '2023-10-14 21:59:13'),
(310, 80, 4, 3.5, '2023-10-14 21:59:21', '2023-10-14 21:59:21'),
(311, 81, 27, 3, '2023-10-14 21:59:45', '2023-10-14 21:59:45'),
(312, 81, 10, 5, '2023-10-14 21:59:58', '2023-10-14 21:59:58'),
(313, 81, 3, 3.5, '2023-10-14 22:00:12', '2023-10-14 22:00:12'),
(314, 82, 24, 5, '2023-10-14 22:00:26', '2023-10-14 22:00:26'),
(315, 82, 22, 3, '2023-10-14 22:00:39', '2023-10-14 22:00:39'),
(316, 82, 14, 5, '2023-10-14 22:01:00', '2023-10-14 22:01:00'),
(317, 83, 18, 5, '2023-10-14 22:01:16', '2023-10-14 22:01:16'),
(318, 83, 9, 4.5, '2023-10-14 22:01:30', '2023-10-14 22:01:30'),
(319, 83, 8, 3.5, '2023-10-14 22:01:39', '2023-10-14 22:01:39'),
(320, 84, 24, 3.5, '2023-10-14 22:01:53', '2023-10-14 22:01:53'),
(321, 84, 29, 5, '2023-10-14 22:02:04', '2023-10-14 22:02:04'),
(322, 84, 2, 3.5, '2023-10-14 22:02:12', '2023-10-14 22:02:12'),
(323, 84, 11, 5, '2023-10-14 22:02:21', '2023-10-14 22:02:21'),
(324, 85, 7, 4.5, '2023-10-14 22:02:31', '2023-10-14 22:02:31'),
(325, 85, 3, 4.5, '2023-10-14 22:02:40', '2023-10-14 22:02:40'),
(326, 85, 27, 3.5, '2023-10-14 22:02:48', '2023-10-14 22:02:48'),
(327, 85, 18, 5, '2023-10-14 22:02:57', '2023-10-14 22:02:57'),
(328, 86, 3, 5, '2023-10-14 22:03:10', '2023-10-14 22:03:10'),
(329, 86, 12, 3, '2023-10-14 22:03:25', '2023-10-14 22:03:25'),
(330, 86, 7, 4, '2023-10-14 22:03:32', '2023-10-14 22:03:32'),
(331, 86, 14, 5, '2023-10-14 22:03:39', '2023-10-14 22:03:39'),
(332, 84, 6, 3.5, '2023-10-14 22:03:48', '2023-10-14 22:03:48'),
(333, 87, 5, 5, '2023-10-14 22:03:59', '2023-10-14 22:03:59'),
(334, 87, 15, 5, '2023-10-14 22:04:07', '2023-10-14 22:04:07'),
(335, 87, 21, 3.5, '2023-10-14 22:04:15', '2023-10-14 22:04:15'),
(336, 88, 16, 4.5, '2023-10-14 22:04:26', '2023-10-14 22:04:26'),
(337, 88, 28, 3.5, '2023-10-14 22:04:35', '2023-10-14 22:04:35'),
(338, 88, 27, 3, '2023-10-14 22:04:54', '2023-10-14 22:04:54'),
(339, 89, 22, 4.5, '2023-10-14 22:05:07', '2023-10-14 22:05:07'),
(340, 89, 3, 4.5, '2023-10-14 22:05:13', '2023-10-14 22:05:13'),
(341, 89, 14, 4.5, '2023-10-14 22:05:23', '2023-10-14 22:05:23'),
(342, 89, 10, 3, '2023-10-14 22:05:32', '2023-10-14 22:05:32'),
(343, 90, 2, 4, '2023-10-14 22:05:43', '2023-10-14 22:05:43'),
(344, 90, 20, 4.5, '2023-10-14 22:05:53', '2023-10-14 22:05:53'),
(345, 90, 19, 3.5, '2023-10-14 22:06:20', '2023-10-14 22:06:20'),
(346, 90, 18, 5, '2023-10-14 22:06:28', '2023-10-14 22:06:28'),
(347, 91, 26, 4.5, '2023-10-14 22:08:00', '2023-10-14 22:08:00'),
(348, 91, 7, 3.5, '2023-10-14 22:08:08', '2023-10-14 22:08:08'),
(349, 91, 19, 3, '2023-10-14 22:08:19', '2023-10-14 22:08:19'),
(350, 91, 14, 4.5, '2023-10-14 22:08:30', '2023-10-14 22:08:30'),
(351, 92, 3, 4, '2023-10-14 22:08:43', '2023-10-14 22:08:43'),
(352, 92, 28, 4, '2023-10-14 22:08:53', '2023-10-14 22:08:53'),
(353, 92, 21, 3.5, '2023-10-14 22:09:02', '2023-10-14 22:09:02'),
(354, 92, 30, 4.5, '2023-10-14 22:09:13', '2023-10-14 22:09:13'),
(355, 93, 22, 3.5, '2023-10-14 22:09:31', '2023-10-14 22:09:31'),
(356, 93, 19, 4.5, '2023-10-14 22:09:40', '2023-10-14 22:09:40'),
(357, 93, 11, 4.5, '2023-10-14 22:09:50', '2023-10-14 22:09:50'),
(358, 93, 9, 4, '2023-10-14 22:10:01', '2023-10-14 22:10:01'),
(359, 94, 28, 3.5, '2023-10-14 22:10:13', '2023-10-14 22:10:13'),
(360, 94, 30, 4.5, '2023-10-14 22:10:24', '2023-10-14 22:10:24'),
(361, 94, 9, 3.5, '2023-10-14 22:10:33', '2023-10-14 22:10:33'),
(362, 94, 27, 4, '2023-10-14 22:10:49', '2023-10-14 22:10:49'),
(363, 95, 24, 4, '2023-10-14 22:11:08', '2023-10-14 22:11:08'),
(364, 95, 17, 5, '2023-10-14 22:11:18', '2023-10-14 22:11:18'),
(365, 95, 20, 3.5, '2023-10-14 22:11:27', '2023-10-14 22:11:27'),
(366, 95, 16, 3.5, '2023-10-14 22:11:36', '2023-10-14 22:11:36'),
(367, 96, 7, 5, '2023-10-14 22:11:45', '2023-10-14 22:11:45'),
(368, 96, 23, 4, '2023-10-14 22:11:55', '2023-10-14 22:11:55'),
(369, 96, 5, 4, '2023-10-14 22:12:05', '2023-10-14 22:12:05'),
(370, 96, 21, 5, '2023-10-14 22:12:13', '2023-10-14 22:12:13'),
(371, 97, 4, 5, '2023-10-14 22:12:23', '2023-10-14 22:12:23'),
(372, 97, 24, 5, '2023-10-14 22:12:32', '2023-10-14 22:12:32'),
(373, 97, 22, 3.5, '2023-10-14 22:12:42', '2023-10-14 22:12:42'),
(374, 97, 7, 5, '2023-10-14 22:12:49', '2023-10-14 22:12:49'),
(375, 98, 9, 5, '2023-10-14 22:13:03', '2023-10-14 22:13:03'),
(376, 98, 3, 4.5, '2023-10-14 22:13:12', '2023-10-14 22:13:12'),
(377, 98, 11, 5, '2023-10-14 22:13:21', '2023-10-14 22:13:21'),
(378, 98, 25, 4, '2023-10-14 22:13:31', '2023-10-14 22:13:31'),
(379, 99, 16, 5, '2023-10-14 22:13:56', '2023-10-14 22:13:56'),
(380, 99, 28, 4.5, '2023-10-14 22:14:10', '2023-10-14 22:14:10'),
(381, 99, 13, 3.5, '2023-10-14 22:14:18', '2023-10-14 22:14:18'),
(382, 100, 10, 3, '2023-10-14 22:14:42', '2023-10-14 22:14:42'),
(383, 100, 3, 4, '2023-10-14 22:14:51', '2023-10-14 22:14:51'),
(384, 100, 8, 3.5, '2023-10-14 22:15:01', '2023-10-14 22:15:01'),
(385, 100, 21, 3.5, '2023-10-14 22:15:13', '2023-10-14 22:15:13'),
(386, 101, 25, 3.5, '2023-10-14 22:15:43', '2023-10-14 22:15:43'),
(387, 101, 8, 5, '2023-10-14 22:15:52', '2023-10-14 22:15:52'),
(388, 101, 24, 5, '2023-10-14 22:16:05', '2023-10-14 22:16:05'),
(389, 101, 4, 3.5, '2023-10-14 22:16:14', '2023-10-14 22:16:14'),
(390, 102, 23, 5, '2023-10-14 22:16:28', '2023-10-14 22:16:28'),
(391, 102, 14, 5, '2023-10-14 22:16:37', '2023-10-14 22:16:37'),
(392, 102, 9, 4, '2023-10-14 22:16:46', '2023-10-14 22:16:46'),
(393, 102, 16, 3.5, '2023-10-14 22:16:54', '2023-10-14 22:16:54'),
(394, 103, 19, 4, '2023-10-14 22:17:03', '2023-10-14 22:17:03'),
(395, 103, 3, 3.5, '2023-10-14 22:17:10', '2023-10-14 22:17:10'),
(396, 103, 24, 4.5, '2023-10-14 22:17:20', '2023-10-14 22:17:20'),
(397, 103, 25, 4, '2023-10-14 22:17:32', '2023-10-14 22:17:32'),
(398, 104, 21, 5, '2023-10-14 22:17:44', '2023-10-14 22:17:44'),
(399, 104, 30, 5, '2023-10-14 22:17:52', '2023-10-14 22:17:52'),
(400, 104, 29, 4, '2023-10-14 22:18:05', '2023-10-14 22:18:05'),
(401, 104, 3, 4, '2023-10-14 22:18:14', '2023-10-14 22:18:14'),
(402, 105, 25, 3.5, '2023-10-14 22:18:26', '2023-10-14 22:18:26'),
(403, 105, 17, 4.5, '2023-10-14 22:18:35', '2023-10-14 22:18:35'),
(404, 105, 21, 3.5, '2023-10-14 22:18:43', '2023-10-14 22:18:43'),
(405, 105, 4, 4, '2023-10-14 22:18:50', '2023-10-14 22:18:50'),
(406, 106, 25, 3.5, '2023-10-14 22:19:02', '2023-10-14 22:19:02'),
(407, 106, 19, 5, '2023-10-14 22:19:10', '2023-10-14 22:19:10'),
(408, 106, 6, 3.5, '2023-10-14 22:19:18', '2023-10-14 22:19:18'),
(409, 107, 10, 4.5, '2023-10-14 22:19:31', '2023-10-14 22:19:31'),
(410, 107, 15, 3.5, '2023-10-14 22:19:40', '2023-10-14 22:19:40'),
(411, 107, 3, 3.5, '2023-10-14 22:19:49', '2023-10-14 22:19:49'),
(412, 108, 13, 4.5, '2023-10-14 22:20:01', '2023-10-14 22:20:01'),
(413, 108, 25, 5, '2023-10-14 22:20:09', '2023-10-14 22:20:09'),
(414, 108, 19, 4.5, '2023-10-14 22:20:26', '2023-10-14 22:20:26'),
(415, 110, 8, 3.5, '2023-10-14 22:20:37', '2023-10-14 22:20:37'),
(416, 109, 23, 3.5, '2023-10-14 22:20:45', '2023-10-14 22:20:45'),
(417, 109, 17, 5, '2023-10-14 22:21:31', '2023-10-14 22:21:31'),
(418, 109, 22, 4, '2023-10-14 22:21:39', '2023-10-14 22:21:39'),
(419, 110, 6, 5, '2023-10-14 22:21:49', '2023-10-14 22:21:49'),
(420, 110, 25, 5, '2023-10-14 22:21:58', '2023-10-14 22:21:58'),
(421, 110, 29, 3.5, '2023-10-14 22:22:08', '2023-10-14 22:22:08'),
(422, 110, 23, 4, '2023-10-14 22:22:22', '2023-10-14 22:22:22'),
(423, 111, 13, 5, '2023-10-14 22:22:37', '2023-10-14 22:22:37'),
(424, 111, 10, 5, '2023-10-14 22:22:44', '2023-10-14 22:22:44'),
(425, 111, 23, 4.5, '2023-10-14 22:22:52', '2023-10-14 22:22:52'),
(426, 112, 23, 3.5, '2023-10-14 22:23:13', '2023-10-14 22:23:13'),
(427, 112, 10, 4, '2023-10-14 22:23:19', '2023-10-14 22:23:19'),
(428, 112, 29, 5, '2023-10-14 22:23:26', '2023-10-14 22:23:26'),
(429, 112, 25, 5, '2023-10-14 22:23:36', '2023-10-14 22:23:36'),
(430, 113, 30, 4.5, '2023-10-14 22:23:47', '2023-10-14 22:23:47'),
(431, 113, 27, 4.5, '2023-10-14 22:23:57', '2023-10-14 22:23:57'),
(432, 113, 4, 5, '2023-10-14 22:24:07', '2023-10-14 22:24:07'),
(433, 113, 18, 5, '2023-10-14 22:24:15', '2023-10-14 22:24:15'),
(434, 114, 20, 5, '2023-10-14 22:24:26', '2023-10-14 22:24:26'),
(435, 114, 12, 3.5, '2023-10-14 22:24:34', '2023-10-14 22:24:34'),
(436, 114, 29, 5, '2023-10-14 22:24:44', '2023-10-14 22:24:44'),
(437, 114, 23, 5, '2023-10-14 22:24:54', '2023-10-14 22:24:54'),
(438, 115, 10, 3.5, '2023-10-14 22:25:04', '2023-10-14 22:25:04'),
(439, 115, 19, 3.5, '2023-10-14 22:25:12', '2023-10-14 22:25:12'),
(440, 115, 13, 5, '2023-10-14 22:25:19', '2023-10-14 22:25:19'),
(441, 115, 25, 3.5, '2023-10-14 22:25:29', '2023-10-14 22:25:29'),
(442, 116, 5, 3.5, '2023-10-14 22:25:38', '2023-10-14 22:25:38'),
(443, 116, 13, 3.5, '2023-10-14 22:25:47', '2023-10-14 22:25:47'),
(444, 116, 18, 4, '2023-10-14 22:25:56', '2023-10-14 22:25:56'),
(445, 116, 7, 3.5, '2023-10-14 22:26:04', '2023-10-14 22:26:04'),
(446, 117, 11, 5, '2023-10-14 22:26:14', '2023-10-14 22:26:14'),
(447, 117, 7, 5, '2023-10-14 22:26:22', '2023-10-14 22:26:22'),
(448, 117, 25, 5, '2023-10-14 22:26:31', '2023-10-14 22:26:31'),
(449, 117, 29, 5, '2023-10-14 22:26:39', '2023-10-14 22:26:39'),
(450, 118, 26, 3.5, '2023-10-14 22:26:50', '2023-10-14 22:26:50'),
(451, 118, 30, 4, '2023-10-14 22:26:58', '2023-10-14 22:26:58'),
(452, 118, 1, 4, '2023-10-14 22:27:04', '2023-10-14 22:27:04'),
(453, 119, 30, 5, '2023-10-14 22:27:14', '2023-10-14 22:27:14'),
(454, 119, 10, 5, '2023-10-14 22:27:21', '2023-10-14 22:27:21'),
(455, 119, 21, 3.5, '2023-10-14 22:27:31', '2023-10-14 22:27:31');

INSERT INTO `rekening` (`id`, `bank_name`, `atas_nama`, `no_rekening`, `created_at`, `updated_at`) VALUES
(1, 'BRI', 'BUDI PRASOSJO', '123123', NULL, NULL);

INSERT INTO `status_order` (`id`, `name`, `created_at`, `updated_at`) VALUES
(1, 'Belum Bayar', NULL, NULL),
(2, 'Perlu Di Cek', NULL, NULL),
(3, 'Telah Di Bayar', NULL, NULL),
(4, 'Barang Di Kirim', NULL, NULL),
(5, 'Barang Telah Sampai', NULL, NULL),
(6, 'Pesanan Di Batalkan', NULL, NULL);


INSERT INTO `users` (`id`, `name`, `email`, `email_verified_at`, `password`, `role`, `remember_token`, `created_at`, `updated_at`) VALUES
(1, 'admin', 'admin@gmail.com', NULL, '$2y$10$Htd7g.ftuGfdlwk5zTbSk.DePcyti.U4zY58c4xtI4YuauoXffzrW', 'admin', NULL, NULL, NULL),
(2, 'Budi', 'budi@example.com', '2023-10-14 08:28:37', '$2y$10$92IXUNpkjO0rOQ5byMi.Ye4oKoEa3Ro9llC/.og/at2.uheWG/igi', '', 'mxvlxok1hYp1b2mIYbJ23JNpVk6I4bulbrSOY1nZSBdqbzLDnMyr5jJ1Ggff', '2023-10-14 08:28:37', '2023-10-14 08:28:37'),
(3, 'Prasojo', 'prasojo@example.com', '2023-10-14 08:28:37', '$2y$10$92IXUNpkjO0rOQ5byMi.Ye4oKoEa3Ro9llC/.og/at2.uheWG/igi', '', 'LKtK9Ez6lVRCT3ilY0Q9QD1Qu6y50fym73JVbpTJEl2tXKGv2l8GCzIeEOyv', '2023-10-14 08:28:37', '2023-10-14 08:28:37'),
(4, 'Elisabeth Schmidt DDS', 'user@example.com', '2023-10-14 08:28:37', '$2y$10$92IXUNpkjO0rOQ5byMi.Ye4oKoEa3Ro9llC/.og/at2.uheWG/igi', '', 'BgyxTxqdo6pzK95WKbuCVZPsqNOH8V1fJ2BTEXIcL3kgnjZqQE3yLm5yvyiH', '2023-10-14 08:28:37', '2023-10-14 08:28:37'),
(5, 'Pearlie Luettgen PhD', 'idooley@example.com', '2023-10-14 08:28:37', '$2y$10$92IXUNpkjO0rOQ5byMi.Ye4oKoEa3Ro9llC/.og/at2.uheWG/igi', '', 'IWU57aLnxq', '2023-10-14 08:28:37', '2023-10-14 08:28:37'),
(6, 'Dr. Vince Wiza MD', 'schowalter.lavina@example.com', '2023-10-14 08:28:37', '$2y$10$92IXUNpkjO0rOQ5byMi.Ye4oKoEa3Ro9llC/.og/at2.uheWG/igi', '', 'c2VBC5OWJ6', '2023-10-14 08:28:37', '2023-10-14 08:28:37'),
(7, 'Marquise Halvorson', 'lesch.eleanore@example.org', '2023-10-14 08:28:37', '$2y$10$92IXUNpkjO0rOQ5byMi.Ye4oKoEa3Ro9llC/.og/at2.uheWG/igi', '', 'VyRM7veIzg', '2023-10-14 08:28:37', '2023-10-14 08:28:37'),
(8, 'Prof. Hollis Little', 'veronica.simonis@example.com', '2023-10-14 08:28:37', '$2y$10$92IXUNpkjO0rOQ5byMi.Ye4oKoEa3Ro9llC/.og/at2.uheWG/igi', '', 'FtXKxhMHtX', '2023-10-14 08:28:37', '2023-10-14 08:28:37'),
(9, 'Darien Fisher', 'laury.hilpert@example.org', '2023-10-14 08:28:37', '$2y$10$92IXUNpkjO0rOQ5byMi.Ye4oKoEa3Ro9llC/.og/at2.uheWG/igi', '', 'PkrxHiR3zi', '2023-10-14 08:28:37', '2023-10-14 08:28:37'),
(10, 'Sylvester Jenkins', 'quinn.pollich@example.org', '2023-10-14 08:28:37', '$2y$10$92IXUNpkjO0rOQ5byMi.Ye4oKoEa3Ro9llC/.og/at2.uheWG/igi', '', 'sW8Sk6eRho', '2023-10-14 08:28:37', '2023-10-14 08:28:37'),
(11, 'Alessandro Kunze', 'abernathy.luz@example.net', '2023-10-14 08:28:37', '$2y$10$92IXUNpkjO0rOQ5byMi.Ye4oKoEa3Ro9llC/.og/at2.uheWG/igi', '', 'cX5TeDxIZe', '2023-10-14 08:28:37', '2023-10-14 08:28:37'),
(12, 'Talon DuBuque', 'gerhold.kallie@example.net', '2023-10-14 08:28:37', '$2y$10$92IXUNpkjO0rOQ5byMi.Ye4oKoEa3Ro9llC/.og/at2.uheWG/igi', '', 'OsSsIfc1iU', '2023-10-14 08:28:37', '2023-10-14 08:28:37'),
(13, 'Shania Stamm', 'pgrady@example.org', '2023-10-14 08:28:37', '$2y$10$92IXUNpkjO0rOQ5byMi.Ye4oKoEa3Ro9llC/.og/at2.uheWG/igi', '', 'cmtzmkgBUL', '2023-10-14 08:28:37', '2023-10-14 08:28:37'),
(14, 'Mrs. Carissa Russel I', 'ykoelpin@example.net', '2023-10-14 08:28:37', '$2y$10$92IXUNpkjO0rOQ5byMi.Ye4oKoEa3Ro9llC/.og/at2.uheWG/igi', '', 'soytQUrf4d', '2023-10-14 08:28:37', '2023-10-14 08:28:37'),
(15, 'Boris Gutkowski', 'flavie.mohr@example.org', '2023-10-14 08:28:37', '$2y$10$92IXUNpkjO0rOQ5byMi.Ye4oKoEa3Ro9llC/.og/at2.uheWG/igi', '', 'xWZ67yoh2o', '2023-10-14 08:28:37', '2023-10-14 08:28:37'),
(16, 'Jennings Nolan', 'oscar.weber@example.org', '2023-10-14 08:28:37', '$2y$10$92IXUNpkjO0rOQ5byMi.Ye4oKoEa3Ro9llC/.og/at2.uheWG/igi', '', '3n6yFyhEPP', '2023-10-14 08:28:37', '2023-10-14 08:28:37'),
(17, 'Ayden Carter', 'noemy.bahringer@example.org', '2023-10-14 08:28:37', '$2y$10$92IXUNpkjO0rOQ5byMi.Ye4oKoEa3Ro9llC/.og/at2.uheWG/igi', '', 'j5tGUGXgR5', '2023-10-14 08:28:37', '2023-10-14 08:28:37'),
(18, 'Amy Strosin', 'adrain67@example.com', '2023-10-14 08:28:37', '$2y$10$92IXUNpkjO0rOQ5byMi.Ye4oKoEa3Ro9llC/.og/at2.uheWG/igi', '', 'oxcfN1TULA', '2023-10-14 08:28:37', '2023-10-14 08:28:37'),
(19, 'Forest Wehner', 'oleta98@example.org', '2023-10-14 08:28:37', '$2y$10$92IXUNpkjO0rOQ5byMi.Ye4oKoEa3Ro9llC/.og/at2.uheWG/igi', '', 'juUUKchCHl', '2023-10-14 08:28:37', '2023-10-14 08:28:37'),
(20, 'Brandt Kassulke', 'isteuber@example.net', '2023-10-14 08:28:37', '$2y$10$92IXUNpkjO0rOQ5byMi.Ye4oKoEa3Ro9llC/.og/at2.uheWG/igi', '', 'uaaL2zoLA0', '2023-10-14 08:28:37', '2023-10-14 08:28:37'),
(21, 'Ellis Hahn', 'wolff.favian@example.org', '2023-10-14 08:28:37', '$2y$10$92IXUNpkjO0rOQ5byMi.Ye4oKoEa3Ro9llC/.og/at2.uheWG/igi', '', 'l9iWHUSxBa', '2023-10-14 08:28:37', '2023-10-14 08:28:37'),
(22, 'Pearlie Graham', 'hamill.bernadine@example.org', '2023-10-14 08:28:37', '$2y$10$92IXUNpkjO0rOQ5byMi.Ye4oKoEa3Ro9llC/.og/at2.uheWG/igi', '', 'yskgPdIbyh', '2023-10-14 08:28:37', '2023-10-14 08:28:37'),
(23, 'Candida Champlin', 'gay.willms@example.com', '2023-10-14 08:28:37', '$2y$10$92IXUNpkjO0rOQ5byMi.Ye4oKoEa3Ro9llC/.og/at2.uheWG/igi', '', '0OoIL6QIUI', '2023-10-14 08:28:37', '2023-10-14 08:28:37'),
(24, 'Percy Greenholt', 'dooley.gaston@example.net', '2023-10-14 08:28:37', '$2y$10$92IXUNpkjO0rOQ5byMi.Ye4oKoEa3Ro9llC/.og/at2.uheWG/igi', '', '1MBRXWidyJ', '2023-10-14 08:28:37', '2023-10-14 08:28:37'),
(25, 'Myrtice Weimann', 'okuneva.abagail@example.net', '2023-10-14 08:28:37', '$2y$10$92IXUNpkjO0rOQ5byMi.Ye4oKoEa3Ro9llC/.og/at2.uheWG/igi', '', 't4iFft3kGk', '2023-10-14 08:28:37', '2023-10-14 08:28:37'),
(26, 'Mose Stanton', 'buckridge.cayla@example.net', '2023-10-14 08:28:37', '$2y$10$92IXUNpkjO0rOQ5byMi.Ye4oKoEa3Ro9llC/.og/at2.uheWG/igi', '', '3SHwNKjsUO', '2023-10-14 08:28:37', '2023-10-14 08:28:37'),
(27, 'Eileen Wisoky IV', 'koelpin.philip@example.org', '2023-10-14 08:28:37', '$2y$10$92IXUNpkjO0rOQ5byMi.Ye4oKoEa3Ro9llC/.og/at2.uheWG/igi', '', 'jwDuAXShgs', '2023-10-14 08:28:37', '2023-10-14 08:28:37'),
(28, 'Dr. Otilia Shields', 'romaguera.emil@example.com', '2023-10-14 08:28:37', '$2y$10$92IXUNpkjO0rOQ5byMi.Ye4oKoEa3Ro9llC/.og/at2.uheWG/igi', '', 'XbAAcHJF5r', '2023-10-14 08:28:37', '2023-10-14 08:28:37'),
(29, 'Miss Melyna Little', 'fboehm@example.org', '2023-10-14 08:28:37', '$2y$10$92IXUNpkjO0rOQ5byMi.Ye4oKoEa3Ro9llC/.og/at2.uheWG/igi', '', '9V6WIBhIC4', '2023-10-14 08:28:37', '2023-10-14 08:28:37'),
(30, 'Chanelle Mitchell', 'willow60@example.net', '2023-10-14 08:28:37', '$2y$10$92IXUNpkjO0rOQ5byMi.Ye4oKoEa3Ro9llC/.og/at2.uheWG/igi', '', 'GhpCRDhtop', '2023-10-14 08:28:37', '2023-10-14 08:28:37'),
(31, 'Dr. Adan Toy', 'maria46@example.net', '2023-10-14 08:28:37', '$2y$10$92IXUNpkjO0rOQ5byMi.Ye4oKoEa3Ro9llC/.og/at2.uheWG/igi', '', 'dKklgxJL8o', '2023-10-14 08:28:37', '2023-10-14 08:28:37'),
(32, 'Myrl McKenzie', 'hglover@example.org', '2023-10-14 08:28:37', '$2y$10$92IXUNpkjO0rOQ5byMi.Ye4oKoEa3Ro9llC/.og/at2.uheWG/igi', '', 'mCzo0NcZ9o', '2023-10-14 08:28:37', '2023-10-14 08:28:37'),
(33, 'Dedrick Cronin', 'fpadberg@example.net', '2023-10-14 08:28:37', '$2y$10$92IXUNpkjO0rOQ5byMi.Ye4oKoEa3Ro9llC/.og/at2.uheWG/igi', '', 'wLbL86NkGn', '2023-10-14 08:28:37', '2023-10-14 08:28:37'),
(34, 'Zachariah Feest', 'callie93@example.com', '2023-10-14 08:28:37', '$2y$10$92IXUNpkjO0rOQ5byMi.Ye4oKoEa3Ro9llC/.og/at2.uheWG/igi', '', '1asb6ZFEJu', '2023-10-14 08:28:37', '2023-10-14 08:28:37'),
(35, 'Sunny Renner DVM', 'porter00@example.org', '2023-10-14 08:28:37', '$2y$10$92IXUNpkjO0rOQ5byMi.Ye4oKoEa3Ro9llC/.og/at2.uheWG/igi', '', 'D9uM0FAgpo', '2023-10-14 08:28:37', '2023-10-14 08:28:37'),
(36, 'Mrs. Reyna Effertz', 'dare.luisa@example.com', '2023-10-14 08:28:37', '$2y$10$92IXUNpkjO0rOQ5byMi.Ye4oKoEa3Ro9llC/.og/at2.uheWG/igi', '', '72f5Y7L4L6', '2023-10-14 08:28:37', '2023-10-14 08:28:37'),
(37, 'Julius Schumm Sr.', 'vincent.wisoky@example.org', '2023-10-14 08:28:37', '$2y$10$92IXUNpkjO0rOQ5byMi.Ye4oKoEa3Ro9llC/.og/at2.uheWG/igi', '', 'VwsMiimsYK', '2023-10-14 08:28:37', '2023-10-14 08:28:37'),
(38, 'Brando Bashirian', 'xkuhic@example.org', '2023-10-14 08:28:37', '$2y$10$92IXUNpkjO0rOQ5byMi.Ye4oKoEa3Ro9llC/.og/at2.uheWG/igi', '', 'QJRtcs8h4x', '2023-10-14 08:28:37', '2023-10-14 08:28:37'),
(39, 'Lauriane Wilkinson', 'ktromp@example.org', '2023-10-14 08:28:37', '$2y$10$92IXUNpkjO0rOQ5byMi.Ye4oKoEa3Ro9llC/.og/at2.uheWG/igi', '', '1Y0GzVYxn1', '2023-10-14 08:28:37', '2023-10-14 08:28:37'),
(40, 'Prof. Lillian Abshire', 'keenan.okeefe@example.org', '2023-10-14 08:28:37', '$2y$10$92IXUNpkjO0rOQ5byMi.Ye4oKoEa3Ro9llC/.og/at2.uheWG/igi', '', 'tNiRcklNhs', '2023-10-14 08:28:37', '2023-10-14 08:28:37'),
(41, 'Efrain Gibson', 'myrtice.wolf@example.com', '2023-10-14 08:28:37', '$2y$10$92IXUNpkjO0rOQ5byMi.Ye4oKoEa3Ro9llC/.og/at2.uheWG/igi', '', '6BJdEAqMRH', '2023-10-14 08:28:37', '2023-10-14 08:28:37'),
(42, 'Eldora Gleichner', 'michelle.considine@example.org', '2023-10-14 08:28:37', '$2y$10$92IXUNpkjO0rOQ5byMi.Ye4oKoEa3Ro9llC/.og/at2.uheWG/igi', '', 'tmGkbtdfVS', '2023-10-14 08:28:37', '2023-10-14 08:28:37'),
(43, 'Harmony Ankunding', 'dayne.towne@example.org', '2023-10-14 08:28:37', '$2y$10$92IXUNpkjO0rOQ5byMi.Ye4oKoEa3Ro9llC/.og/at2.uheWG/igi', '', 'nBxPBDS2UG', '2023-10-14 08:28:37', '2023-10-14 08:28:37'),
(44, 'Miss Bettie Sauer II', 'tom.cronin@example.net', '2023-10-14 08:28:37', '$2y$10$92IXUNpkjO0rOQ5byMi.Ye4oKoEa3Ro9llC/.og/at2.uheWG/igi', '', 'HwQrviFusc', '2023-10-14 08:28:37', '2023-10-14 08:28:37'),
(45, 'Lambert Schamberger', 'aveum@example.net', '2023-10-14 08:28:37', '$2y$10$92IXUNpkjO0rOQ5byMi.Ye4oKoEa3Ro9llC/.og/at2.uheWG/igi', '', '6soAesEMyC', '2023-10-14 08:28:37', '2023-10-14 08:28:37'),
(46, 'Cora Rice', 'awhite@example.org', '2023-10-14 08:28:37', '$2y$10$92IXUNpkjO0rOQ5byMi.Ye4oKoEa3Ro9llC/.og/at2.uheWG/igi', '', '5iyAV7vl3o', '2023-10-14 08:28:37', '2023-10-14 08:28:37'),
(47, 'Zechariah Davis', 'fcremin@example.org', '2023-10-14 08:28:37', '$2y$10$92IXUNpkjO0rOQ5byMi.Ye4oKoEa3Ro9llC/.og/at2.uheWG/igi', '', 'i7SoBVwgve', '2023-10-14 08:28:37', '2023-10-14 08:28:37'),
(48, 'Abigail Carroll V', 'emueller@example.com', '2023-10-14 08:28:37', '$2y$10$92IXUNpkjO0rOQ5byMi.Ye4oKoEa3Ro9llC/.og/at2.uheWG/igi', '', 'eFGGTqOXYr', '2023-10-14 08:28:37', '2023-10-14 08:28:37'),
(49, 'Mr. Micah Hagenes DVM', 'marlene.blanda@example.org', '2023-10-14 08:28:37', '$2y$10$92IXUNpkjO0rOQ5byMi.Ye4oKoEa3Ro9llC/.og/at2.uheWG/igi', '', 'Ebg1SuhzlP', '2023-10-14 08:28:37', '2023-10-14 08:28:37'),
(50, 'Prof. Krystel Rippin PhD', 'brakus.dandre@example.com', '2023-10-14 08:28:37', '$2y$10$92IXUNpkjO0rOQ5byMi.Ye4oKoEa3Ro9llC/.og/at2.uheWG/igi', '', 'ENLZcEwuok', '2023-10-14 08:28:37', '2023-10-14 08:28:37'),
(51, 'Sydney Goldner', 'loren00@example.net', '2023-10-14 08:28:37', '$2y$10$92IXUNpkjO0rOQ5byMi.Ye4oKoEa3Ro9llC/.og/at2.uheWG/igi', '', 'RDX6rk98lm', '2023-10-14 08:28:37', '2023-10-14 08:28:37'),
(52, 'Clinton Ullrich', 'don69@example.org', '2023-10-14 08:28:37', '$2y$10$92IXUNpkjO0rOQ5byMi.Ye4oKoEa3Ro9llC/.og/at2.uheWG/igi', '', 'vsrlYROjFW', '2023-10-14 08:28:37', '2023-10-14 08:28:37'),
(53, 'Prof. Keon Zieme DVM', 'dwalsh@example.com', '2023-10-14 08:28:37', '$2y$10$92IXUNpkjO0rOQ5byMi.Ye4oKoEa3Ro9llC/.og/at2.uheWG/igi', '', 'l8uPsohdBq', '2023-10-14 08:28:37', '2023-10-14 08:28:37'),
(54, 'Casimer Tillman', 'theron.okeefe@example.com', '2023-10-14 08:28:37', '$2y$10$92IXUNpkjO0rOQ5byMi.Ye4oKoEa3Ro9llC/.og/at2.uheWG/igi', '', 'CZDzmfoD4s', '2023-10-14 08:28:37', '2023-10-14 08:28:37'),
(55, 'Theresa O\'Keefe', 'bettie92@example.com', '2023-10-14 08:28:37', '$2y$10$92IXUNpkjO0rOQ5byMi.Ye4oKoEa3Ro9llC/.og/at2.uheWG/igi', '', 'k0HNyvcmW8', '2023-10-14 08:28:37', '2023-10-14 08:28:37'),
(56, 'Silas VonRueden MD', 'rita00@example.com', '2023-10-14 08:28:37', '$2y$10$92IXUNpkjO0rOQ5byMi.Ye4oKoEa3Ro9llC/.og/at2.uheWG/igi', '', '8QLO9ZUYmx', '2023-10-14 08:28:37', '2023-10-14 08:28:37'),
(57, 'Sabina Rau', 'margarita.kuhn@example.com', '2023-10-14 08:28:37', '$2y$10$92IXUNpkjO0rOQ5byMi.Ye4oKoEa3Ro9llC/.og/at2.uheWG/igi', '', 'jsT9SnSmSC', '2023-10-14 08:28:37', '2023-10-14 08:28:37'),
(58, 'Dr. Presley Gibson', 'beier.misael@example.org', '2023-10-14 08:28:37', '$2y$10$92IXUNpkjO0rOQ5byMi.Ye4oKoEa3Ro9llC/.og/at2.uheWG/igi', '', '1uqUDUC41v', '2023-10-14 08:28:37', '2023-10-14 08:28:37'),
(59, 'Ruben Schneider II', 'ahmad23@example.net', '2023-10-14 08:28:37', '$2y$10$92IXUNpkjO0rOQ5byMi.Ye4oKoEa3Ro9llC/.og/at2.uheWG/igi', '', 'dqSo95HrWH', '2023-10-14 08:28:37', '2023-10-14 08:28:37'),
(60, 'Loraine Donnelly', 'madelyn.effertz@example.net', '2023-10-14 08:28:37', '$2y$10$92IXUNpkjO0rOQ5byMi.Ye4oKoEa3Ro9llC/.og/at2.uheWG/igi', '', 'UjuPWKMR1R', '2023-10-14 08:28:37', '2023-10-14 08:28:37'),
(61, 'Dangelo Halvorson', 'jast.sherman@example.org', '2023-10-14 08:28:37', '$2y$10$92IXUNpkjO0rOQ5byMi.Ye4oKoEa3Ro9llC/.og/at2.uheWG/igi', '', 'tkeidWUBoX', '2023-10-14 08:28:37', '2023-10-14 08:28:37'),
(62, 'Sophia Boyle Sr.', 'sonya.dibbert@example.com', '2023-10-14 08:28:37', '$2y$10$92IXUNpkjO0rOQ5byMi.Ye4oKoEa3Ro9llC/.og/at2.uheWG/igi', '', 'hIps5kwZQK', '2023-10-14 08:28:37', '2023-10-14 08:28:37'),
(63, 'Georgiana Koss', 'yhoppe@example.net', '2023-10-14 08:28:37', '$2y$10$92IXUNpkjO0rOQ5byMi.Ye4oKoEa3Ro9llC/.og/at2.uheWG/igi', '', 'ML5Cc7WuSz', '2023-10-14 08:28:37', '2023-10-14 08:28:37'),
(64, 'Dr. Obie Kuphal', 'kelly.fay@example.net', '2023-10-14 08:28:37', '$2y$10$92IXUNpkjO0rOQ5byMi.Ye4oKoEa3Ro9llC/.og/at2.uheWG/igi', '', 'VEEA58i1rP', '2023-10-14 08:28:37', '2023-10-14 08:28:37'),
(65, 'Micah Dach I', 'kihn.julien@example.com', '2023-10-14 08:28:37', '$2y$10$92IXUNpkjO0rOQ5byMi.Ye4oKoEa3Ro9llC/.og/at2.uheWG/igi', '', 'T0QxpmW3L5', '2023-10-14 08:28:37', '2023-10-14 08:28:37'),
(66, 'Miss Alicia Franecki', 'whahn@example.com', '2023-10-14 08:28:37', '$2y$10$92IXUNpkjO0rOQ5byMi.Ye4oKoEa3Ro9llC/.og/at2.uheWG/igi', '', 'RrwsPQC7kN', '2023-10-14 08:28:37', '2023-10-14 08:28:37'),
(67, 'Mrs. Alta O\'Hara V', 'gusikowski.bonita@example.org', '2023-10-14 08:28:37', '$2y$10$92IXUNpkjO0rOQ5byMi.Ye4oKoEa3Ro9llC/.og/at2.uheWG/igi', '', '7V5uci1egn', '2023-10-14 08:28:37', '2023-10-14 08:28:37'),
(68, 'Haley Frami', 'jmante@example.net', '2023-10-14 08:28:37', '$2y$10$92IXUNpkjO0rOQ5byMi.Ye4oKoEa3Ro9llC/.og/at2.uheWG/igi', '', 'tofEOhjaFi', '2023-10-14 08:28:37', '2023-10-14 08:28:37'),
(69, 'Jett Schuster', 'keagan.muller@example.com', '2023-10-14 08:28:37', '$2y$10$92IXUNpkjO0rOQ5byMi.Ye4oKoEa3Ro9llC/.og/at2.uheWG/igi', '', 'YmEm7WYlex', '2023-10-14 08:28:37', '2023-10-14 08:28:37'),
(70, 'Clementina Schumm DDS', 'hbotsford@example.org', '2023-10-14 08:28:37', '$2y$10$92IXUNpkjO0rOQ5byMi.Ye4oKoEa3Ro9llC/.og/at2.uheWG/igi', '', 'mITd9AxQCB', '2023-10-14 08:28:37', '2023-10-14 08:28:37'),
(71, 'Mrs. Nichole Bergstrom', 'anabel.buckridge@example.com', '2023-10-14 08:28:37', '$2y$10$92IXUNpkjO0rOQ5byMi.Ye4oKoEa3Ro9llC/.og/at2.uheWG/igi', '', 'XOp80XhZlx', '2023-10-14 08:28:37', '2023-10-14 08:28:37'),
(72, 'Chesley O\'Connell', 'upton.krystal@example.org', '2023-10-14 08:28:37', '$2y$10$92IXUNpkjO0rOQ5byMi.Ye4oKoEa3Ro9llC/.og/at2.uheWG/igi', '', 'lBAk4YaMUT', '2023-10-14 08:28:37', '2023-10-14 08:28:37'),
(73, 'Lavinia Bins', 'nhand@example.org', '2023-10-14 08:28:37', '$2y$10$92IXUNpkjO0rOQ5byMi.Ye4oKoEa3Ro9llC/.og/at2.uheWG/igi', '', 'cEQm3YJnn5', '2023-10-14 08:28:37', '2023-10-14 08:28:37'),
(74, 'Jacey Daugherty', 'ashly81@example.net', '2023-10-14 08:28:37', '$2y$10$92IXUNpkjO0rOQ5byMi.Ye4oKoEa3Ro9llC/.og/at2.uheWG/igi', '', 'jdfVBUB9Vb', '2023-10-14 08:28:37', '2023-10-14 08:28:37'),
(75, 'Mr. Arlo Moore', 'hlarson@example.org', '2023-10-14 08:28:37', '$2y$10$92IXUNpkjO0rOQ5byMi.Ye4oKoEa3Ro9llC/.og/at2.uheWG/igi', '', '1HsMLgXYfR', '2023-10-14 08:28:37', '2023-10-14 08:28:37'),
(76, 'Linnea Russel', 'tkautzer@example.com', '2023-10-14 08:28:37', '$2y$10$92IXUNpkjO0rOQ5byMi.Ye4oKoEa3Ro9llC/.og/at2.uheWG/igi', '', '8LJHlBn8Ut', '2023-10-14 08:28:37', '2023-10-14 08:28:37'),
(77, 'Hailee Hammes I', 'jadon03@example.com', '2023-10-14 08:28:37', '$2y$10$92IXUNpkjO0rOQ5byMi.Ye4oKoEa3Ro9llC/.og/at2.uheWG/igi', '', 'hw06K7AOg1', '2023-10-14 08:28:37', '2023-10-14 08:28:37'),
(78, 'Dora Medhurst', 'eheathcote@example.org', '2023-10-14 08:28:37', '$2y$10$92IXUNpkjO0rOQ5byMi.Ye4oKoEa3Ro9llC/.og/at2.uheWG/igi', '', 'jTdYAQ51vd', '2023-10-14 08:28:37', '2023-10-14 08:28:37'),
(79, 'Virgil Hickle', 'kassulke.eula@example.com', '2023-10-14 08:28:37', '$2y$10$92IXUNpkjO0rOQ5byMi.Ye4oKoEa3Ro9llC/.og/at2.uheWG/igi', '', 'CM9224hoQC', '2023-10-14 08:28:37', '2023-10-14 08:28:37'),
(80, 'Candelario Corkery', 'eichmann.kasandra@example.net', '2023-10-14 08:28:37', '$2y$10$92IXUNpkjO0rOQ5byMi.Ye4oKoEa3Ro9llC/.og/at2.uheWG/igi', '', '3X0CKV6w9R', '2023-10-14 08:28:37', '2023-10-14 08:28:37'),
(81, 'Jett Prosacco DVM', 'adah21@example.org', '2023-10-14 08:28:37', '$2y$10$92IXUNpkjO0rOQ5byMi.Ye4oKoEa3Ro9llC/.og/at2.uheWG/igi', '', 'zvlbFuQUNR', '2023-10-14 08:28:37', '2023-10-14 08:28:37'),
(82, 'Monique Hackett', 'jacques.kulas@example.com', '2023-10-14 08:28:37', '$2y$10$92IXUNpkjO0rOQ5byMi.Ye4oKoEa3Ro9llC/.og/at2.uheWG/igi', '', 'bxBVwuIUaC', '2023-10-14 08:28:37', '2023-10-14 08:28:37'),
(83, 'Kayleigh Baumbach', 'lauryn20@example.org', '2023-10-14 08:28:37', '$2y$10$92IXUNpkjO0rOQ5byMi.Ye4oKoEa3Ro9llC/.og/at2.uheWG/igi', '', 'e5UWODoZW6', '2023-10-14 08:28:37', '2023-10-14 08:28:37'),
(84, 'Chadd Wuckert', 'ndaniel@example.com', '2023-10-14 08:28:37', '$2y$10$92IXUNpkjO0rOQ5byMi.Ye4oKoEa3Ro9llC/.og/at2.uheWG/igi', '', '70u0jybBrm', '2023-10-14 08:28:37', '2023-10-14 08:28:37'),
(85, 'Rolando Wehner', 'idella15@example.net', '2023-10-14 08:28:37', '$2y$10$92IXUNpkjO0rOQ5byMi.Ye4oKoEa3Ro9llC/.og/at2.uheWG/igi', '', 'NEnHA3j8sF', '2023-10-14 08:28:37', '2023-10-14 08:28:37'),
(86, 'Mikel Bergnaum', 'jamel94@example.org', '2023-10-14 08:28:37', '$2y$10$92IXUNpkjO0rOQ5byMi.Ye4oKoEa3Ro9llC/.og/at2.uheWG/igi', '', 'IgrbIh22NG', '2023-10-14 08:28:37', '2023-10-14 08:28:37'),
(87, 'Edythe Goyette', 'jacobs.letha@example.org', '2023-10-14 08:28:37', '$2y$10$92IXUNpkjO0rOQ5byMi.Ye4oKoEa3Ro9llC/.og/at2.uheWG/igi', '', 'SrD6E8yMdH', '2023-10-14 08:28:37', '2023-10-14 08:28:37'),
(88, 'Miss Joanie Funk', 'schneider.eugene@example.org', '2023-10-14 08:28:37', '$2y$10$92IXUNpkjO0rOQ5byMi.Ye4oKoEa3Ro9llC/.og/at2.uheWG/igi', '', 'Rc7bDaac7z', '2023-10-14 08:28:37', '2023-10-14 08:28:37'),
(89, 'Mrs. Juliana Sauer', 'stoltenberg.rickey@example.com', '2023-10-14 08:28:37', '$2y$10$92IXUNpkjO0rOQ5byMi.Ye4oKoEa3Ro9llC/.og/at2.uheWG/igi', '', '1HF7Pp7IDM', '2023-10-14 08:28:37', '2023-10-14 08:28:37'),
(90, 'Rebekah Mraz', 'dmills@example.com', '2023-10-14 08:28:37', '$2y$10$92IXUNpkjO0rOQ5byMi.Ye4oKoEa3Ro9llC/.og/at2.uheWG/igi', '', 'OQUE2Qdx3b', '2023-10-14 08:28:37', '2023-10-14 08:28:37'),
(91, 'Romaine Braun', 'lehner.josephine@example.com', '2023-10-14 08:28:37', '$2y$10$92IXUNpkjO0rOQ5byMi.Ye4oKoEa3Ro9llC/.og/at2.uheWG/igi', '', 'yqXuKq9uIe', '2023-10-14 08:28:37', '2023-10-14 08:28:37'),
(92, 'Mr. Casey Strosin', 'gloria.kuhic@example.org', '2023-10-14 08:28:37', '$2y$10$92IXUNpkjO0rOQ5byMi.Ye4oKoEa3Ro9llC/.og/at2.uheWG/igi', '', 'nw8nY7mS9B', '2023-10-14 08:28:37', '2023-10-14 08:28:37'),
(93, 'Therese Emard', 'reyes76@example.org', '2023-10-14 08:28:37', '$2y$10$92IXUNpkjO0rOQ5byMi.Ye4oKoEa3Ro9llC/.og/at2.uheWG/igi', '', 'IRp27LOjt5', '2023-10-14 08:28:37', '2023-10-14 08:28:37'),
(94, 'Skylar Veum', 'nash.kessler@example.com', '2023-10-14 08:28:37', '$2y$10$92IXUNpkjO0rOQ5byMi.Ye4oKoEa3Ro9llC/.og/at2.uheWG/igi', '', 'Xv5feDkDvu', '2023-10-14 08:28:37', '2023-10-14 08:28:37'),
(95, 'Kaitlyn Senger', 'tpfeffer@example.com', '2023-10-14 08:28:37', '$2y$10$92IXUNpkjO0rOQ5byMi.Ye4oKoEa3Ro9llC/.og/at2.uheWG/igi', '', '4703b0H3ar', '2023-10-14 08:28:37', '2023-10-14 08:28:37'),
(96, 'Mr. Antwon Wolf III', 'wschroeder@example.net', '2023-10-14 08:28:37', '$2y$10$92IXUNpkjO0rOQ5byMi.Ye4oKoEa3Ro9llC/.og/at2.uheWG/igi', '', 'h4i9rGtcpF', '2023-10-14 08:28:37', '2023-10-14 08:28:37'),
(97, 'Ronaldo Morissette', 'kelsie.auer@example.net', '2023-10-14 08:28:37', '$2y$10$92IXUNpkjO0rOQ5byMi.Ye4oKoEa3Ro9llC/.og/at2.uheWG/igi', '', 'TY65bw9Gmi', '2023-10-14 08:28:37', '2023-10-14 08:28:37'),
(98, 'Travon Pollich', 'kkeebler@example.org', '2023-10-14 08:28:37', '$2y$10$92IXUNpkjO0rOQ5byMi.Ye4oKoEa3Ro9llC/.og/at2.uheWG/igi', '', 'lXqESpc51E', '2023-10-14 08:28:37', '2023-10-14 08:28:37'),
(99, 'Ara Lesch', 'spencer76@example.net', '2023-10-14 08:28:37', '$2y$10$92IXUNpkjO0rOQ5byMi.Ye4oKoEa3Ro9llC/.og/at2.uheWG/igi', '', 'lAOpEOpKIJ', '2023-10-14 08:28:37', '2023-10-14 08:28:37'),
(100, 'Dolores Considine PhD', 'morn@example.net', '2023-10-14 08:28:37', '$2y$10$92IXUNpkjO0rOQ5byMi.Ye4oKoEa3Ro9llC/.og/at2.uheWG/igi', '', 'RwFm3m9ElC', '2023-10-14 08:28:37', '2023-10-14 08:28:37'),
(101, 'Eloise Rodriguez', 'krajcik.osbaldo@example.com', '2023-10-14 08:28:37', '$2y$10$92IXUNpkjO0rOQ5byMi.Ye4oKoEa3Ro9llC/.og/at2.uheWG/igi', '', 'ULyntJ6Jrh', '2023-10-14 08:28:37', '2023-10-14 08:28:37'),
(102, 'Sarai Weissnat', 'samanta.mccullough@example.net', '2023-10-14 08:28:37', '$2y$10$92IXUNpkjO0rOQ5byMi.Ye4oKoEa3Ro9llC/.og/at2.uheWG/igi', '', 'UxijrkQMOx', '2023-10-14 08:28:37', '2023-10-14 08:28:37'),
(103, 'Isaias Cartwright', 'audrey.funk@example.com', '2023-10-14 08:28:37', '$2y$10$92IXUNpkjO0rOQ5byMi.Ye4oKoEa3Ro9llC/.og/at2.uheWG/igi', '', 'yCrs9z9cZk', '2023-10-14 08:28:37', '2023-10-14 08:28:37'),
(104, 'Aleen King DDS', 'yfeeney@example.com', '2023-10-14 08:28:37', '$2y$10$92IXUNpkjO0rOQ5byMi.Ye4oKoEa3Ro9llC/.og/at2.uheWG/igi', '', 'lXjB2quhHY', '2023-10-14 08:28:37', '2023-10-14 08:28:37'),
(105, 'Prof. Fern Langworth', 'matteo21@example.net', '2023-10-14 08:28:37', '$2y$10$92IXUNpkjO0rOQ5byMi.Ye4oKoEa3Ro9llC/.og/at2.uheWG/igi', '', 'aMS5L20yH2', '2023-10-14 08:28:37', '2023-10-14 08:28:37'),
(106, 'Mr. Collin Schultz', 'margie.marks@example.com', '2023-10-14 08:28:37', '$2y$10$92IXUNpkjO0rOQ5byMi.Ye4oKoEa3Ro9llC/.og/at2.uheWG/igi', '', 'pkeNKqTSyC', '2023-10-14 08:28:37', '2023-10-14 08:28:37'),
(107, 'Kailyn Parker', 'lindgren.melyssa@example.net', '2023-10-14 08:28:37', '$2y$10$92IXUNpkjO0rOQ5byMi.Ye4oKoEa3Ro9llC/.og/at2.uheWG/igi', '', 'ukn74UB0Hi', '2023-10-14 08:28:37', '2023-10-14 08:28:37'),
(108, 'Mrs. Delphia Casper DVM', 'ecrist@example.net', '2023-10-14 08:28:37', '$2y$10$92IXUNpkjO0rOQ5byMi.Ye4oKoEa3Ro9llC/.og/at2.uheWG/igi', '', 'Dp0oBckWNg', '2023-10-14 08:28:37', '2023-10-14 08:28:37'),
(109, 'Dr. Xander Gaylord DVM', 'hershel96@example.org', '2023-10-14 08:28:37', '$2y$10$92IXUNpkjO0rOQ5byMi.Ye4oKoEa3Ro9llC/.og/at2.uheWG/igi', '', 'qe0cXtk16a', '2023-10-14 08:28:37', '2023-10-14 08:28:37'),
(110, 'Ressie Rowe PhD', 'marvin.peyton@example.net', '2023-10-14 08:28:37', '$2y$10$92IXUNpkjO0rOQ5byMi.Ye4oKoEa3Ro9llC/.og/at2.uheWG/igi', '', 'g489tL1GUM', '2023-10-14 08:28:37', '2023-10-14 08:28:37'),
(111, 'Emelie Denesik DDS', 'lyda.bednar@example.net', '2023-10-14 08:28:37', '$2y$10$92IXUNpkjO0rOQ5byMi.Ye4oKoEa3Ro9llC/.og/at2.uheWG/igi', '', 'ucgjAi2e5s', '2023-10-14 08:28:37', '2023-10-14 08:28:37'),
(112, 'Vincenzo Champlin', 'hermina.kohler@example.net', '2023-10-14 08:28:37', '$2y$10$92IXUNpkjO0rOQ5byMi.Ye4oKoEa3Ro9llC/.og/at2.uheWG/igi', '', 'sjmPR2D9NS', '2023-10-14 08:28:37', '2023-10-14 08:28:37'),
(113, 'Julianne Dicki', 'collier.kelli@example.com', '2023-10-14 08:28:37', '$2y$10$92IXUNpkjO0rOQ5byMi.Ye4oKoEa3Ro9llC/.og/at2.uheWG/igi', '', 'OpEic1xOVr', '2023-10-14 08:28:37', '2023-10-14 08:28:37'),
(114, 'Prof. Cecilia Raynor DDS', 'sydnee.johnson@example.net', '2023-10-14 08:28:37', '$2y$10$92IXUNpkjO0rOQ5byMi.Ye4oKoEa3Ro9llC/.og/at2.uheWG/igi', '', 'jTqUaaMnRx', '2023-10-14 08:28:37', '2023-10-14 08:28:37'),
(115, 'Oliver Durgan', 'damien.botsford@example.org', '2023-10-14 08:28:37', '$2y$10$92IXUNpkjO0rOQ5byMi.Ye4oKoEa3Ro9llC/.og/at2.uheWG/igi', '', 'TzVqp3S3Cu', '2023-10-14 08:28:37', '2023-10-14 08:28:37'),
(116, 'Mireille Bechtelar', 'dbalistreri@example.com', '2023-10-14 08:28:37', '$2y$10$92IXUNpkjO0rOQ5byMi.Ye4oKoEa3Ro9llC/.og/at2.uheWG/igi', '', 'npTJ4Do5Iq', '2023-10-14 08:28:37', '2023-10-14 08:28:37'),
(117, 'Larue Lakin', 'maurice.smitham@example.net', '2023-10-14 08:28:37', '$2y$10$92IXUNpkjO0rOQ5byMi.Ye4oKoEa3Ro9llC/.og/at2.uheWG/igi', '', 'HFJSdLmVa8', '2023-10-14 08:28:37', '2023-10-14 08:28:37'),
(118, 'Mabelle Altenwerth Sr.', 'maria64@example.com', '2023-10-14 08:28:37', '$2y$10$92IXUNpkjO0rOQ5byMi.Ye4oKoEa3Ro9llC/.og/at2.uheWG/igi', '', 'dUCPARxRMd', '2023-10-14 08:28:37', '2023-10-14 08:28:37'),
(119, 'Kaleigh Hane', 'tdubuque@example.net', '2023-10-14 08:28:37', '$2y$10$92IXUNpkjO0rOQ5byMi.Ye4oKoEa3Ro9llC/.og/at2.uheWG/igi', '', 'pIcRFEv6bD', '2023-10-14 08:28:37', '2023-10-14 08:28:37');


UPDATE users
SET role = 'customer'
WHERE id != 1;
